,PID,PID_Movie,MovieName,Genre
0,1,1,Joker (2019) , Crime
1,2,1,Joker (2019) , Drama
2,3,1,Joker (2019) , Thriller
3,4,2,Jojo Rabbit (2019) , Comedy
4,5,2,Jojo Rabbit (2019) , Drama
5,6,2,Jojo Rabbit (2019) , War
,PID,PID_Movie,MovieName,Genre
0,1,1,Joker (2019) , Crime
1,2,1,Joker (2019) , Drama
2,3,1,Joker (2019) , Thriller
3,4,2,Jojo Rabbit (2019) , Comedy
4,5,2,Jojo Rabbit (2019) , Drama
5,6,2,Jojo Rabbit (2019) , War
6,7,2,Brooklyn (2015) , Drama
7,8,2,Brooklyn (2015) , Romance
8,9,3,The Big Short (2015) , Biography
9,10,3,The Big Short (2015) , Comedy
10,11,3,The Big Short (2015) , Drama
11,12,3,The Big Short (2015) , History
12,13,3,Brooklyn (2015) , Drama
13,14,3,Brooklyn (2015) , Romance
14,15,4,The Big Short (2015) , Biography
15,16,4,The Big Short (2015) , Comedy
16,17,4,The Big Short (2015) , Drama
17,18,4,The Big Short (2015) , History
18,19,5,Mad Max: Fury Road (2015) , Action
19,20,5,Mad Max: Fury Road (2015) , Adventure
20,21,5,Mad Max: Fury Road (2015) , Sci-Fi
21,22,5,Mad Max: Fury Road (2015) , Thriller
22,23,5,Brooklyn (2015) , Drama
23,24,5,Brooklyn (2015) , Romance
24,25,5,Brooklyn (2015) , Drama
25,26,5,Brooklyn (2015) , Romance
26,27,2,Brooklyn (2015) , Drama
27,28,2,Brooklyn (2015) , Romance
28,29,3,The Big Short (2015) , Biography
29,30,3,The Big Short (2015) , Comedy
30,31,3,The Big Short (2015) , Drama
31,32,3,The Big Short (2015) , History
32,33,4,Mad Max: Fury Road (2015) , Action
33,34,4,Mad Max: Fury Road (2015) , Adventure
34,35,4,Mad Max: Fury Road (2015) , Sci-Fi
35,36,4,Mad Max: Fury Road (2015) , Thriller
36,37,5,Sicario (2015) , Action
37,38,5,Sicario (2015) , Crime
38,39,5,Sicario (2015) , Drama
39,40,5,Sicario (2015) , Mystery
40,41,5,Sicario (2015) , Thriller
41,42,5,Brooklyn (2015) , Drama
42,43,5,Brooklyn (2015) , Romance
43,44,5,Brooklyn (2015) , Drama
44,45,5,Brooklyn (2015) , Romance
45,46,6,The Big Short (2015) , Biography
46,47,6,The Big Short (2015) , Comedy
47,48,6,The Big Short (2015) , Drama
48,49,6,The Big Short (2015) , History
49,50,7,Mad Max: Fury Road (2015) , Action
50,51,7,Mad Max: Fury Road (2015) , Adventure
51,52,7,Mad Max: Fury Road (2015) , Sci-Fi
52,53,7,Mad Max: Fury Road (2015) , Thriller
53,54,8,Sicario (2015) , Action
54,55,8,Sicario (2015) , Crime
55,56,8,Sicario (2015) , Drama
56,57,8,Sicario (2015) , Mystery
57,58,8,Sicario (2015) , Thriller
58,59,9,When Marnie Was There (2014) , Animation
59,60,9,When Marnie Was There (2014) , Drama
60,61,9,When Marnie Was There (2014) , Family
61,62,9,When Marnie Was There (2014) , Mystery
62,63,10,The Martian (2015) , Adventure
63,64,10,The Martian (2015) , Drama
64,65,10,The Martian (2015) , Sci-Fi
65,66,11,The Revenant (2015) , Action
66,67,11,The Revenant (2015) , Adventure
67,68,11,The Revenant (2015) , Biography
68,69,11,The Revenant (2015) , Drama
69,70,11,The Revenant (2015) , History
70,71,11,The Revenant (2015) , Western
71,72,12,Anomalisa (2015) , Animation
72,73,12,Anomalisa (2015) , Comedy
73,74,12,Anomalisa (2015) , Drama
74,75,12,Anomalisa (2015) , Romance
75,76,1,Brooklyn (2015) , Drama
76,77,1,Brooklyn (2015) , Romance
77,78,1,Brooklyn (2015) , Drama
78,79,1,Brooklyn (2015) , Romance
79,80,2,The Big Short (2015) , Biography
80,81,2,The Big Short (2015) , Comedy
81,82,2,The Big Short (2015) , Drama
82,83,2,The Big Short (2015) , History
83,84,3,Mad Max: Fury Road (2015) , Action
84,85,3,Mad Max: Fury Road (2015) , Adventure
85,86,3,Mad Max: Fury Road (2015) , Sci-Fi
86,87,3,Mad Max: Fury Road (2015) , Thriller
87,88,4,Sicario (2015) , Action
88,89,4,Sicario (2015) , Crime
89,90,4,Sicario (2015) , Drama
90,91,4,Sicario (2015) , Mystery
91,92,4,Sicario (2015) , Thriller
92,93,5,When Marnie Was There (2014) , Animation
93,94,5,When Marnie Was There (2014) , Drama
94,95,5,When Marnie Was There (2014) , Family
95,96,5,When Marnie Was There (2014) , Mystery
96,97,5,Brooklyn (2015) , Drama
97,98,5,Brooklyn (2015) , Romance
98,99,6,The Big Short (2015) , Biography
99,100,6,The Big Short (2015) , Comedy
100,101,6,The Big Short (2015) , Drama
101,102,6,The Big Short (2015) , History
102,103,7,Mad Max: Fury Road (2015) , Action
103,104,7,Mad Max: Fury Road (2015) , Adventure
104,105,7,Mad Max: Fury Road (2015) , Sci-Fi
105,106,7,Mad Max: Fury Road (2015) , Thriller
106,107,8,Sicario (2015) , Action
107,108,8,Sicario (2015) , Crime
108,109,8,Sicario (2015) , Drama
109,110,8,Sicario (2015) , Mystery
110,111,8,Sicario (2015) , Thriller
111,112,9,When Marnie Was There (2014) , Animation
112,113,9,When Marnie Was There (2014) , Drama
113,114,9,When Marnie Was There (2014) , Family
114,115,9,When Marnie Was There (2014) , Mystery
115,116,10,The Martian (2015) , Adventure
116,117,10,The Martian (2015) , Drama
117,118,10,The Martian (2015) , Sci-Fi
118,119,11,The Revenant (2015) , Action
119,120,11,The Revenant (2015) , Adventure
120,121,11,The Revenant (2015) , Biography
121,122,11,The Revenant (2015) , Drama
122,123,11,The Revenant (2015) , History
123,124,11,The Revenant (2015) , Western
124,125,12,Anomalisa (2015) , Animation
125,126,12,Anomalisa (2015) , Comedy
126,127,12,Anomalisa (2015) , Drama
127,128,12,Anomalisa (2015) , Romance
128,129,13,Spotlight (2015) , Biography
129,130,13,Spotlight (2015) , Crime
130,131,13,Spotlight (2015) , Drama
131,132,14,Room (2015) , Drama
132,133,14,Room (2015) , Thriller
133,134,15,Inside Out (2015) , Animation
134,135,15,Inside Out (2015) , Adventure
135,136,15,Inside Out (2015) , Comedy
136,137,15,Inside Out (2015) , Drama
137,138,15,Inside Out (2015) , Family
138,139,15,Inside Out (2015) , Fantasy
139,140,16,Cartel Land (2015) , Documentary
140,141,16,Cartel Land (2015) , News
141,142,17,Mission: Impossible - Rogue Nation (2015) , Action
142,143,17,Mission: Impossible - Rogue Nation (2015) , Adventure
143,144,17,Mission: Impossible - Rogue Nation (2015) , Thriller
144,145,18,Creed (2015) , Drama
145,146,18,Creed (2015) , Sport
146,147,19,Beasts of No Nation (2015) , Drama
147,148,19,Beasts of No Nation (2015) , War
148,149,20,The Hateful Eight (2015) , Crime
149,150,20,The Hateful Eight (2015) , Drama
150,151,20,The Hateful Eight (2015) , Mystery
151,152,20,The Hateful Eight (2015) , Thriller
152,153,20,The Hateful Eight (2015) , Western
153,154,21,Mustang (2015) , Drama
154,155,22,The Falling (2014) , Drama
155,156,22,The Falling (2014) , Mystery
156,157,22,The Falling (2014) , Thriller
157,158,23,The Final Girls (2015) , Comedy
158,159,23,The Final Girls (2015) , Drama
159,160,23,The Final Girls (2015) , Fantasy
160,161,23,The Final Girls (2015) , Horror
161,162,23,The Final Girls (2015) , Thriller
162,163,1,Brooklyn (2015) , Drama
163,164,1,Brooklyn (2015) , Romance
164,165,2,The Big Short (2015) , Biography
165,166,2,The Big Short (2015) , Comedy
166,167,2,The Big Short (2015) , Drama
167,168,2,The Big Short (2015) , History
168,169,3,Mad Max: Fury Road (2015) , Action
169,170,3,Mad Max: Fury Road (2015) , Adventure
170,171,3,Mad Max: Fury Road (2015) , Sci-Fi
171,172,3,Mad Max: Fury Road (2015) , Thriller
172,173,1,Brooklyn (2015) , Drama
173,174,1,Brooklyn (2015) , Romance
174,175,2,The Big Short (2015) , Biography
175,176,2,The Big Short (2015) , Comedy
176,177,2,The Big Short (2015) , Drama
177,178,2,The Big Short (2015) , History
178,179,3,Mad Max: Fury Road (2015) , Action
179,180,3,Mad Max: Fury Road (2015) , Adventure
180,181,3,Mad Max: Fury Road (2015) , Sci-Fi
181,182,3,Mad Max: Fury Road (2015) , Thriller
182,183,4,Sicario (2015) , Action
183,184,4,Sicario (2015) , Crime
184,185,4,Sicario (2015) , Drama
185,186,4,Sicario (2015) , Mystery
186,187,4,Sicario (2015) , Thriller
,PID,PID_Movie,MovieName,Genre
0,1,1,Brooklyn (2015) , Drama
1,2,1,Brooklyn (2015) , Romance
2,3,2,The Big Short (2015) , Biography
3,4,2,The Big Short (2015) , Comedy
4,5,2,The Big Short (2015) , Drama
5,6,2,The Big Short (2015) , History
6,7,3,Mad Max: Fury Road (2015) , Action
7,8,3,Mad Max: Fury Road (2015) , Adventure
8,9,3,Mad Max: Fury Road (2015) , Sci-Fi
9,10,3,Mad Max: Fury Road (2015) , Thriller
10,11,4,Sicario (2015) , Action
11,12,4,Sicario (2015) , Crime
12,13,4,Sicario (2015) , Drama
13,14,4,Sicario (2015) , Mystery
14,15,4,Sicario (2015) , Thriller
,PID,PID_Movie,MovieName,Genre
0,1,1,Brooklyn (2015) , Drama
1,2,1,Brooklyn (2015) , Romance
2,3,2,The Big Short (2015) , Biography
3,4,2,The Big Short (2015) , Comedy
4,5,2,The Big Short (2015) , Drama
5,6,2,The Big Short (2015) , History
6,7,3,Mad Max: Fury Road (2015) , Action
7,8,3,Mad Max: Fury Road (2015) , Adventure
8,9,3,Mad Max: Fury Road (2015) , Sci-Fi
9,10,3,Mad Max: Fury Road (2015) , Thriller
10,11,4,Sicario (2015) , Action
11,12,4,Sicario (2015) , Crime
12,13,4,Sicario (2015) , Drama
13,14,4,Sicario (2015) , Mystery
14,15,4,Sicario (2015) , Thriller
15,16,1,Brooklyn (2015) , Drama
16,17,1,Brooklyn (2015) , Romance
17,18,2,The Big Short (2015) , Biography
18,19,2,The Big Short (2015) , Comedy
19,20,2,The Big Short (2015) , Drama
20,21,2,The Big Short (2015) , History
21,22,3,Mad Max: Fury Road (2015) , Action
22,23,3,Mad Max: Fury Road (2015) , Adventure
23,24,3,Mad Max: Fury Road (2015) , Sci-Fi
24,25,3,Mad Max: Fury Road (2015) , Thriller
25,26,4,Sicario (2015) , Action
26,27,4,Sicario (2015) , Crime
27,28,4,Sicario (2015) , Drama
28,29,4,Sicario (2015) , Mystery
29,30,4,Sicario (2015) , Thriller
30,31,5,When Marnie Was There (2014) , Animation
31,32,5,When Marnie Was There (2014) , Drama
32,33,5,When Marnie Was There (2014) , Family
33,34,5,When Marnie Was There (2014) , Mystery
34,35,6,The Martian (2015) , Adventure
35,36,6,The Martian (2015) , Drama
36,37,6,The Martian (2015) , Sci-Fi
37,38,7,The Revenant (2015) , Action
38,39,7,The Revenant (2015) , Adventure
39,40,7,The Revenant (2015) , Biography
40,41,7,The Revenant (2015) , Drama
41,42,7,The Revenant (2015) , History
42,43,7,The Revenant (2015) , Western
43,44,1,Brooklyn (2015) , Drama
44,45,1,Brooklyn (2015) , Romance
45,46,2,The Big Short (2015) , Biography
46,47,2,The Big Short (2015) , Comedy
47,48,2,The Big Short (2015) , Drama
48,49,2,The Big Short (2015) , History
49,50,3,Mad Max: Fury Road (2015) , Action
50,51,3,Mad Max: Fury Road (2015) , Adventure
51,52,3,Mad Max: Fury Road (2015) , Sci-Fi
52,53,3,Mad Max: Fury Road (2015) , Thriller
53,54,4,Sicario (2015) , Action
54,55,4,Sicario (2015) , Crime
55,56,4,Sicario (2015) , Drama
56,57,4,Sicario (2015) , Mystery
57,58,4,Sicario (2015) , Thriller
,PID,PID_Movie,MovieName,Genre
0,1,1,Brooklyn (2015) , Drama
1,2,1,Brooklyn (2015) , Romance
2,3,2,The Big Short (2015) , Biography
3,4,2,The Big Short (2015) , Comedy
4,5,2,The Big Short (2015) , Drama
5,6,2,The Big Short (2015) , History
6,7,3,Mad Max: Fury Road (2015) , Action
7,8,3,Mad Max: Fury Road (2015) , Adventure
8,9,3,Mad Max: Fury Road (2015) , Sci-Fi
9,10,3,Mad Max: Fury Road (2015) , Thriller
10,11,4,Sicario (2015) , Action
11,12,4,Sicario (2015) , Crime
12,13,4,Sicario (2015) , Drama
13,14,4,Sicario (2015) , Mystery
14,15,4,Sicario (2015) , Thriller
15,16,1,Brooklyn (2015) , Drama
16,17,1,Brooklyn (2015) , Romance
17,18,2,The Big Short (2015) , Biography
18,19,2,The Big Short (2015) , Comedy
19,20,2,The Big Short (2015) , Drama
20,21,2,The Big Short (2015) , History
21,22,3,Mad Max: Fury Road (2015) , Action
22,23,3,Mad Max: Fury Road (2015) , Adventure
23,24,3,Mad Max: Fury Road (2015) , Sci-Fi
24,25,3,Mad Max: Fury Road (2015) , Thriller
25,26,4,Sicario (2015) , Action
26,27,4,Sicario (2015) , Crime
27,28,4,Sicario (2015) , Drama
28,29,4,Sicario (2015) , Mystery
29,30,4,Sicario (2015) , Thriller
30,31,5,When Marnie Was There (2014) , Animation
31,32,5,When Marnie Was There (2014) , Drama
32,33,5,When Marnie Was There (2014) , Family
33,34,5,When Marnie Was There (2014) , Mystery
34,35,6,The Martian (2015) , Adventure
35,36,6,The Martian (2015) , Drama
36,37,6,The Martian (2015) , Sci-Fi
37,38,7,The Revenant (2015) , Action
38,39,7,The Revenant (2015) , Adventure
39,40,7,The Revenant (2015) , Biography
40,41,7,The Revenant (2015) , Drama
41,42,7,The Revenant (2015) , History
42,43,7,The Revenant (2015) , Western
43,44,1,Brooklyn (2015) , Drama
44,45,1,Brooklyn (2015) , Romance
45,46,2,The Big Short (2015) , Biography
46,47,2,The Big Short (2015) , Comedy
47,48,2,The Big Short (2015) , Drama
48,49,2,The Big Short (2015) , History
49,50,3,Mad Max: Fury Road (2015) , Action
50,51,3,Mad Max: Fury Road (2015) , Adventure
51,52,3,Mad Max: Fury Road (2015) , Sci-Fi
52,53,3,Mad Max: Fury Road (2015) , Thriller
53,54,4,Sicario (2015) , Action
54,55,4,Sicario (2015) , Crime
55,56,4,Sicario (2015) , Drama
56,57,4,Sicario (2015) , Mystery
57,58,4,Sicario (2015) , Thriller
58,59,1,Brooklyn (2015) , Drama
59,60,1,Brooklyn (2015) , Romance
60,61,2,The Big Short (2015) , Biography
61,62,2,The Big Short (2015) , Comedy
62,63,2,The Big Short (2015) , Drama
63,64,2,The Big Short (2015) , History
64,65,3,Mad Max: Fury Road (2015) , Action
65,66,3,Mad Max: Fury Road (2015) , Adventure
66,67,3,Mad Max: Fury Road (2015) , Sci-Fi
67,68,3,Mad Max: Fury Road (2015) , Thriller
68,69,4,Sicario (2015) , Action
69,70,4,Sicario (2015) , Crime
70,71,4,Sicario (2015) , Drama
71,72,4,Sicario (2015) , Mystery
72,73,4,Sicario (2015) , Thriller
,PID,PID_Movie,MovieName,Genre
0,1,1,Brooklyn (2015) , Drama
1,2,1,Brooklyn (2015) , Romance
2,3,2,The Big Short (2015) , Biography
3,4,2,The Big Short (2015) , Comedy
4,5,2,The Big Short (2015) , Drama
5,6,2,The Big Short (2015) , History
6,7,3,Mad Max: Fury Road (2015) , Action
7,8,3,Mad Max: Fury Road (2015) , Adventure
8,9,3,Mad Max: Fury Road (2015) , Sci-Fi
9,10,3,Mad Max: Fury Road (2015) , Thriller
10,11,4,Sicario (2015) , Action
11,12,4,Sicario (2015) , Crime
12,13,4,Sicario (2015) , Drama
13,14,4,Sicario (2015) , Mystery
14,15,4,Sicario (2015) , Thriller
15,16,1,Brooklyn (2015) , Drama
16,17,1,Brooklyn (2015) , Romance
17,18,2,The Big Short (2015) , Biography
18,19,2,The Big Short (2015) , Comedy
19,20,2,The Big Short (2015) , Drama
20,21,2,The Big Short (2015) , History
21,22,3,Mad Max: Fury Road (2015) , Action
22,23,3,Mad Max: Fury Road (2015) , Adventure
23,24,3,Mad Max: Fury Road (2015) , Sci-Fi
24,25,3,Mad Max: Fury Road (2015) , Thriller
25,26,4,Sicario (2015) , Action
26,27,4,Sicario (2015) , Crime
27,28,4,Sicario (2015) , Drama
28,29,4,Sicario (2015) , Mystery
29,30,4,Sicario (2015) , Thriller
30,31,5,When Marnie Was There (2014) , Animation
31,32,5,When Marnie Was There (2014) , Drama
32,33,5,When Marnie Was There (2014) , Family
33,34,5,When Marnie Was There (2014) , Mystery
34,35,6,The Martian (2015) , Adventure
35,36,6,The Martian (2015) , Drama
36,37,6,The Martian (2015) , Sci-Fi
37,38,7,The Revenant (2015) , Action
38,39,7,The Revenant (2015) , Adventure
39,40,7,The Revenant (2015) , Biography
40,41,7,The Revenant (2015) , Drama
41,42,7,The Revenant (2015) , History
42,43,7,The Revenant (2015) , Western
43,44,1,Brooklyn (2015) , Drama
44,45,1,Brooklyn (2015) , Romance
45,46,2,The Big Short (2015) , Biography
46,47,2,The Big Short (2015) , Comedy
47,48,2,The Big Short (2015) , Drama
48,49,2,The Big Short (2015) , History
49,50,3,Mad Max: Fury Road (2015) , Action
50,51,3,Mad Max: Fury Road (2015) , Adventure
51,52,3,Mad Max: Fury Road (2015) , Sci-Fi
52,53,3,Mad Max: Fury Road (2015) , Thriller
53,54,4,Sicario (2015) , Action
54,55,4,Sicario (2015) , Crime
55,56,4,Sicario (2015) , Drama
56,57,4,Sicario (2015) , Mystery
57,58,4,Sicario (2015) , Thriller
58,59,1,Brooklyn (2015) , Drama
59,60,1,Brooklyn (2015) , Romance
60,61,2,The Big Short (2015) , Biography
61,62,2,The Big Short (2015) , Comedy
62,63,2,The Big Short (2015) , Drama
63,64,2,The Big Short (2015) , History
64,65,3,Mad Max: Fury Road (2015) , Action
65,66,3,Mad Max: Fury Road (2015) , Adventure
66,67,3,Mad Max: Fury Road (2015) , Sci-Fi
67,68,3,Mad Max: Fury Road (2015) , Thriller
68,69,4,Sicario (2015) , Action
69,70,4,Sicario (2015) , Crime
70,71,4,Sicario (2015) , Drama
71,72,4,Sicario (2015) , Mystery
72,73,4,Sicario (2015) , Thriller
73,74,1,Brooklyn (2015) , Drama
74,75,1,Brooklyn (2015) , Romance
75,76,2,The Big Short (2015) , Biography
76,77,2,The Big Short (2015) , Comedy
77,78,2,The Big Short (2015) , Drama
78,79,2,The Big Short (2015) , History
79,80,3,Mad Max: Fury Road (2015) , Action
80,81,3,Mad Max: Fury Road (2015) , Adventure
81,82,3,Mad Max: Fury Road (2015) , Sci-Fi
82,83,3,Mad Max: Fury Road (2015) , Thriller
83,84,4,Sicario (2015) , Action
84,85,4,Sicario (2015) , Crime
85,86,4,Sicario (2015) , Drama
86,87,4,Sicario (2015) , Mystery
87,88,4,Sicario (2015) , Thriller
