PID,PID_Movie,MovieName,Stars
1,1,Joker (2019) ,Joaquin Phoenix
2,1,Joker (2019) ,Robert De Niro
3,1,Joker (2019) ,Zazie Beetz
4,1,Joker (2019) ,
5,2,Jojo Rabbit (2019) ,Roman Griffin Davis
6,2,Jojo Rabbit (2019) ,Thomasin McKenzie
7,2,Jojo Rabbit (2019) ,Scarlett Johansson
8,2,Jojo Rabbit (2019) ,
9,3,The King (2019) ,Tom Glynn-Carney
10,3,The King (2019) ,Gábor Czap
11,3,The King (2019) ,Tom Fisher
12,3,The King (2019) ,
13,4,Parasite (2019) ,Kang-ho Song
14,4,Parasite (2019) ,Sun-kyun Lee
15,4,Parasite (2019) ,Yeo-jeong Jo
16,4,Parasite (2019) ,
17,5,Marriage Story (2019) ,Adam Driver
18,5,Marriage Story (2019) ,Scarlett Johansson
19,5,Marriage Story (2019) ,Julia Greer
20,5,Marriage Story (2019) ,
21,6,1917 (2019) ,Dean-Charles Chapman
22,6,1917 (2019) ,George MacKay
23,6,1917 (2019) ,Daniel Mays
24,6,1917 (2019) ,
25,7,Midsommar (2019) ,Florence Pugh
26,7,Midsommar (2019) ,Jack Reynor
27,7,Midsommar (2019) ,Vilhelm Blomgren
28,7,Midsommar (2019) ,
29,8,Ready or Not (2019) ,Samara Weaving
30,8,Ready or Not (2019) ,Adam Brody
31,8,Ready or Not (2019) ,Mark O'Brien
32,8,Ready or Not (2019) ,
33,9,Little Joe (2019) ,Emily Beecham
34,9,Little Joe (2019) ,Ben Whishaw
35,9,Little Joe (2019) ,Kerry Fox
36,9,Little Joe (2019) ,
37,10,Dolemite Is My Name (2019) ,Eddie Murphy
38,10,Dolemite Is My Name (2019) ,Keegan-Michael Key
39,10,Dolemite Is My Name (2019) ,Mike Epps
40,10,Dolemite Is My Name (2019) ,
41,11,The Art of Racing in the Rain (2019) ,Kevin Costner
42,11,The Art of Racing in the Rain (2019) ,Milo Ventimiglia
43,11,The Art of Racing in the Rain (2019) ,Jackie Minns
44,11,The Art of Racing in the Rain (2019) ,
45,12,Zombieland: Double Tap (2019) ,Woody Harrelson
46,12,Zombieland: Double Tap (2019) ,Jesse Eisenberg
47,12,Zombieland: Double Tap (2019) ,Emma Stone
48,12,Zombieland: Double Tap (2019) ,
49,13,The Perfection (2018) ,Alaina Huffman
50,13,The Perfection (2018) ,Allison Williams
51,13,The Perfection (2018) ,Steven Weber
52,13,The Perfection (2018) ,
53,14,The Laundromat (2019) ,Gary Oldman
54,14,The Laundromat (2019) ,Antonio Banderas
55,14,The Laundromat (2019) ,AJ Meijer
56,14,The Laundromat (2019) ,
57,15,John Wick: Chapter 3 - Parabellum (2019) ,Keanu Reeves
58,15,John Wick: Chapter 3 - Parabellum (2019) ,Halle Berry
59,15,John Wick: Chapter 3 - Parabellum (2019) ,Ian McShane
60,15,John Wick: Chapter 3 - Parabellum (2019) ,
61,16,Us (2019) ,Lupita Nyong'o
62,16,Us (2019) ,Winston Duke
63,16,Us (2019) ,Elisabeth Moss
64,16,Us (2019) ,
65,17,Cold Pursuit (2019) ,Liam Neeson
66,17,Cold Pursuit (2019) ,Laura Dern
67,17,Cold Pursuit (2019) ,Micheál Richardson
68,17,Cold Pursuit (2019) ,
69,18,Fast & Furious Presents: Hobbs & Shaw (2019) ,Dwayne Johnson
70,18,Fast & Furious Presents: Hobbs & Shaw (2019) ,Jason Statham
71,18,Fast & Furious Presents: Hobbs & Shaw (2019) ,Idris Elba
72,18,Fast & Furious Presents: Hobbs & Shaw (2019) ,
73,19,It Chapter Two (2019) ,Jessica Chastain
74,19,It Chapter Two (2019) ,James McAvoy
75,19,It Chapter Two (2019) ,Bill Hader
76,19,It Chapter Two (2019) ,
77,20,Freaks (2018) ,Emile Hirsch
78,20,Freaks (2018) ,Bruce Dern
79,20,Freaks (2018) ,Grace Park
80,20,Freaks (2018) ,
81,21,The Irishman (2019) ,Robert De Niro
82,21,The Irishman (2019) ,Al Pacino
83,21,The Irishman (2019) ,Joe Pesci
84,21,The Irishman (2019) ,
85,22,Black and Blue (2019) ,Naomie Harris
86,22,Black and Blue (2019) ,Tyrese Gibson
87,22,Black and Blue (2019) ,Frank Grillo
88,22,Black and Blue (2019) ,
89,23,Captive State (2019) ,John Goodman
90,23,Captive State (2019) ,Ashton Sanders
91,23,Captive State (2019) ,Jonathan Majors
92,23,Captive State (2019) ,
93,24,Once Upon a Time... in Hollywood (2019) ,Leonardo DiCaprio
94,24,Once Upon a Time... in Hollywood (2019) ,Brad Pitt
95,24,Once Upon a Time... in Hollywood (2019) ,Margot Robbie
96,24,Once Upon a Time... in Hollywood (2019) ,
97,25,A Beautiful Day in the Neighborhood (2019) ,Tom Hanks
98,25,A Beautiful Day in the Neighborhood (2019) ,Matthew Rhys
99,25,A Beautiful Day in the Neighborhood (2019) ,Chris Cooper
100,25,A Beautiful Day in the Neighborhood (2019) ,
101,26,Rocketman (2019) ,Taron Egerton
102,26,Rocketman (2019) ,Jamie Bell
103,26,Rocketman (2019) ,Richard Madden
104,26,Rocketman (2019) ,
105,27,Jexi (2019) ,Adam Devine
106,27,Jexi (2019) ,Alexandra Shipp
107,27,Jexi (2019) ,Rose Byrne
108,27,Jexi (2019) ,
109,28,In the Shadow of the Moon (2019) ,Boyd Holbrook
110,28,In the Shadow of the Moon (2019) ,Cleopatra Coleman
111,28,In the Shadow of the Moon (2019) ,Bokeem Woodbine
112,28,In the Shadow of the Moon (2019) ,
113,29,3 from Hell (2019) ,Sheri Moon Zombie
114,29,3 from Hell (2019) ,Bill Moseley
115,29,3 from Hell (2019) ,Sid Haig
116,29,3 from Hell (2019) ,
117,30,Eli (2019) ,Charlie Shotwell
118,30,Eli (2019) ,Kelly Reilly
119,30,Eli (2019) ,Max Martini
120,30,Eli (2019) ,
121,31,Pokémon Detective Pikachu (2019) ,Ryan Reynolds
122,31,Pokémon Detective Pikachu (2019) ,Justice Smith
123,31,Pokémon Detective Pikachu (2019) ,Kathryn Newton
124,31,Pokémon Detective Pikachu (2019) ,
125,32,Aniara (2018) ,Emelie Garbers
126,32,Aniara (2018) ,Bianca Cruzeiro
127,32,Aniara (2018) ,Arvin Kananian
128,32,Aniara (2018) ,
129,33,Climax (2018) ,Sofia Boutella
130,33,Climax (2018) ,Romain Guillermic
131,33,Climax (2018) ,Souheila Yacoub
132,33,Climax (2018) ,
133,34,Ad Astra (2019) ,Brad Pitt
134,34,Ad Astra (2019) ,Tommy Lee Jones
135,34,Ad Astra (2019) ,Ruth Negga
136,34,Ad Astra (2019) ,
137,35,Alita: Battle Angel (2019) ,Rosa Salazar
138,35,Alita: Battle Angel (2019) ,Christoph Waltz
139,35,Alita: Battle Angel (2019) ,Jennifer Connelly
140,35,Alita: Battle Angel (2019) ,
141,36,Avengers: Endgame (2019) ,Robert Downey Jr.
142,36,Avengers: Endgame (2019) ,Chris Evans
143,36,Avengers: Endgame (2019) ,Mark Ruffalo
144,36,Avengers: Endgame (2019) ,
145,37,Under the Silver Lake (2018) ,Andrew Garfield
146,37,Under the Silver Lake (2018) ,Riley Keough
147,37,Under the Silver Lake (2018) ,Topher Grace
148,37,Under the Silver Lake (2018) ,
149,38,Knives Out (2019) ,Daniel Craig
150,38,Knives Out (2019) ,Chris Evans
151,38,Knives Out (2019) ,Ana de Armas
152,38,Knives Out (2019) ,
153,39,Hustlers (2019) ,Constance Wu
154,39,Hustlers (2019) ,Jennifer Lopez
155,39,Hustlers (2019) ,Julia Stiles
156,39,Hustlers (2019) ,
157,40,Ford v Ferrari (2019) ,Matt Damon
158,40,Ford v Ferrari (2019) ,Christian Bale
159,40,Ford v Ferrari (2019) ,Jon Bernthal
160,40,Ford v Ferrari (2019) ,
161,41,Crawl (2019) ,Kaya Scodelario
162,41,Crawl (2019) ,Barry Pepper
163,41,Crawl (2019) ,Morfydd Clark
164,41,Crawl (2019) ,
165,42,Doctor Sleep (2019) ,Ewan McGregor
166,42,Doctor Sleep (2019) ,Rebecca Ferguson
167,42,Doctor Sleep (2019) ,Kyliegh Curran
168,42,Doctor Sleep (2019) ,
169,43,Brightburn (2019) ,Elizabeth Banks
170,43,Brightburn (2019) ,David Denman
171,43,Brightburn (2019) ,Jackson A. Dunn
172,43,Brightburn (2019) ,
173,44,Long Shot (2019) ,Charlize Theron
174,44,Long Shot (2019) ,Seth Rogen
175,44,Long Shot (2019) ,June Diane Raphael
176,44,Long Shot (2019) ,
177,45,47 Meters Down: Uncaged (2019) ,Sophie Nélisse
178,45,47 Meters Down: Uncaged (2019) ,Corinne Foxx
179,45,47 Meters Down: Uncaged (2019) ,Brianne Tju
180,45,47 Meters Down: Uncaged (2019) ,
181,46,Anna (2019) ,Sasha Luss
182,46,Anna (2019) ,Helen Mirren
183,46,Anna (2019) ,Luke Evans
184,46,Anna (2019) ,
185,47,Hellboy (2019) ,David Harbour
186,47,Hellboy (2019) ,Milla Jovovich
187,47,Hellboy (2019) ,Ian McShane
188,47,Hellboy (2019) ,
189,48,Greta (2018) ,Isabelle Huppert
190,48,Greta (2018) ,Chloë Grace Moretz
191,48,Greta (2018) ,Maika Monroe
192,48,Greta (2018) ,
193,49,The Beach Bum (2019) ,Matthew McConaughey
194,49,The Beach Bum (2019) ,Snoop Dogg
195,49,The Beach Bum (2019) ,Isla Fisher
196,49,The Beach Bum (2019) ,
197,50,Countdown (2019) ,Elizabeth Lail
198,50,Countdown (2019) ,Jordan Calloway
199,50,Countdown (2019) ,Talitha Eliana Bateman
200,50,Countdown (2019) ,
201,51,Avengers: Infinity War (2018) ,Robert Downey Jr.
202,51,Avengers: Infinity War (2018) ,Chris Hemsworth
203,51,Avengers: Infinity War (2018) ,Mark Ruffalo
204,51,Avengers: Infinity War (2018) ,
205,52,Black Panther (2018) ,Chadwick Boseman
206,52,Black Panther (2018) ,Michael B. Jordan
207,52,Black Panther (2018) ,Lupita Nyong'o
208,52,Black Panther (2018) ,
209,53,Roma (2018) ,Yalitza Aparicio
210,53,Roma (2018) ,Marina de Tavira
211,53,Roma (2018) ,Diego Cortina Autrey
212,53,Roma (2018) ,
213,54,They Shall Not Grow Old (2018) ,N/A
214,55,Spider-Man: Into the Spider-Verse (2018) ,Shameik Moore
215,55,Spider-Man: Into the Spider-Verse (2018) ,Jake Johnson
216,55,Spider-Man: Into the Spider-Verse (2018) ,Hailee Steinfeld
217,55,Spider-Man: Into the Spider-Verse (2018) ,
218,56,If Beale Street Could Talk (2018) ,KiKi Layne
219,56,If Beale Street Could Talk (2018) ,Stephan James
220,56,If Beale Street Could Talk (2018) ,Regina King
221,56,If Beale Street Could Talk (2018) ,
222,57,First Man (2018) ,Ryan Gosling
223,57,First Man (2018) ,Claire Foy
224,57,First Man (2018) ,Jason Clarke
225,57,First Man (2018) ,
226,58,Deadpool 2 (2018) ,Ryan Reynolds
227,58,Deadpool 2 (2018) ,Josh Brolin
228,58,Deadpool 2 (2018) ,Morena Baccarin
229,58,Deadpool 2 (2018) ,
230,59,Shoplifters (2018) ,Lily Franky
231,59,Shoplifters (2018) ,Sakura Andô
232,59,Shoplifters (2018) ,Kirin Kiki
233,59,Shoplifters (2018) ,
234,60,Bohemian Rhapsody (2018) ,Rami Malek
235,60,Bohemian Rhapsody (2018) ,Lucy Boynton
236,60,Bohemian Rhapsody (2018) ,Gwilym Lee
237,60,Bohemian Rhapsody (2018) ,
238,61,Vice (2018) ,Christian Bale
239,61,Vice (2018) ,Amy Adams
240,61,Vice (2018) ,Steve Carell
241,61,Vice (2018) ,
242,62,Green Book (2018) ,Viggo Mortensen
243,62,Green Book (2018) ,Mahershala Ali
244,62,Green Book (2018) ,Linda Cardellini
245,62,Green Book (2018) ,
246,63,Eighth Grade (2018) ,Elsie Fisher
247,63,Eighth Grade (2018) ,Josh Hamilton
248,63,Eighth Grade (2018) ,Emily Robinson
249,63,Eighth Grade (2018) ,
250,64,Minding the Gap (2018) ,Keire Johnson
251,64,Minding the Gap (2018) ,Bing Liu
252,64,Minding the Gap (2018) ,Zack Mulligan
253,65,Isle of Dogs (2018) ,Bryan Cranston
254,65,Isle of Dogs (2018) ,Koyu Rankin
255,65,Isle of Dogs (2018) ,Edward Norton
256,65,Isle of Dogs (2018) ,
257,66,Mission: Impossible - Fallout (2018) ,Tom Cruise
258,66,Mission: Impossible - Fallout (2018) ,Henry Cavill
259,66,Mission: Impossible - Fallout (2018) ,Ving Rhames
260,66,Mission: Impossible - Fallout (2018) ,
261,67,The Favourite (2018) ,Olivia Colman
262,67,The Favourite (2018) ,Emma Stone
263,67,The Favourite (2018) ,Rachel Weisz
264,67,The Favourite (2018) ,
265,68,The Tale (2018) ,Laura Dern
266,68,The Tale (2018) ,Jason Ritter
267,68,The Tale (2018) ,Common
268,68,The Tale (2018) ,
269,69,BlacKkKlansman (2018) ,John David Washington
270,69,BlacKkKlansman (2018) ,Adam Driver
271,69,BlacKkKlansman (2018) ,Laura Harrier
272,69,BlacKkKlansman (2018) ,
273,70,Ralph Breaks the Internet (2018) ,John C. Reilly
274,70,Ralph Breaks the Internet (2018) ,Sarah Silverman
275,70,Ralph Breaks the Internet (2018) ,Gal Gadot
276,70,Ralph Breaks the Internet (2018) ,
277,71,Cold War (2018) ,Joanna Kulig
278,71,Cold War (2018) ,Tomasz Kot
279,71,Cold War (2018) ,Borys Szyc
280,71,Cold War (2018) ,
281,72,The Death of Stalin (2017) ,Steve Buscemi
282,72,The Death of Stalin (2017) ,Simon Russell Beale
283,72,The Death of Stalin (2017) ,Jeffrey Tambor
284,72,The Death of Stalin (2017) ,
285,73,Ready Player One (2018) ,Tye Sheridan
286,73,Ready Player One (2018) ,Olivia Cooke
287,73,Ready Player One (2018) ,Ben Mendelsohn
288,73,Ready Player One (2018) ,
289,74,A Star Is Born (2018) ,Lady Gaga
290,74,A Star Is Born (2018) ,Bradley Cooper
291,74,A Star Is Born (2018) ,Sam Elliott
292,74,A Star Is Born (2018) ,
293,75,Mirai (2018) ,Rebecca Hall
294,75,Mirai (2018) ,Daniel Dae Kim
295,75,Mirai (2018) ,John Cho
296,75,Mirai (2018) ,
297,76,Sorry to Bother You (2018) ,LaKeith Stanfield
298,76,Sorry to Bother You (2018) ,Tessa Thompson
299,76,Sorry to Bother You (2018) ,Jermaine Fowler
300,76,Sorry to Bother You (2018) ,
301,77,Widows (2018) ,Viola Davis
302,77,Widows (2018) ,Michelle Rodriguez
303,77,Widows (2018) ,Elizabeth Debicki
304,78,A Quiet Place (2018) ,Emily Blunt
305,78,A Quiet Place (2018) ,John Krasinski
306,78,A Quiet Place (2018) ,Millicent Simmonds
307,78,A Quiet Place (2018) ,
308,79,Burning (2018) ,Ah-In Yoo
309,79,Burning (2018) ,Steven Yeun
310,79,Burning (2018) ,Jong-seo Jun
311,79,Burning (2018) ,
312,80,Andhadhun (2018) ,Ayushmann Khurrana
313,80,Andhadhun (2018) ,Tabu
314,80,Andhadhun (2018) ,Radhika Apte
315,80,Andhadhun (2018) ,
316,81,Shirkers (2018) ,Sandi Tan
317,81,Shirkers (2018) ,Jasmine Kin Kia Ng
318,81,Shirkers (2018) ,Philip Cheah
319,81,Shirkers (2018) ,
320,82,On My Skin: The Last Seven Days of Stefano Cucchi (2018) ,Alessandro Borghi
321,82,On My Skin: The Last Seven Days of Stefano Cucchi (2018) ,Massimiliano Tortora
322,82,On My Skin: The Last Seven Days of Stefano Cucchi (2018) ,Milvia Marigliano
323,82,On My Skin: The Last Seven Days of Stefano Cucchi (2018) ,
324,83,Crime + Punishment (2018) ,Manuel 'Manny' Gomez
325,83,Crime + Punishment (2018) ,Sandy Gonzales
326,83,Crime + Punishment (2018) ,Rukia Lumumba
327,83,Crime + Punishment (2018) ,
328,84,RBG (2018) ,Ruth Bader Ginsburg
329,84,RBG (2018) ,Ann Kittner
330,84,RBG (2018) ,Harryette Helsel
331,84,RBG (2018) ,
332,85,Western (2017) ,Meinhard Neumann
333,85,Western (2017) ,Reinhardt Wetrek
334,85,Western (2017) ,Syuleyman Alilov Letifov
335,85,Western (2017) ,
336,86,The Ballad of Buster Scruggs (2018) ,Tim Blake Nelson
337,86,The Ballad of Buster Scruggs (2018) ,Willie Watson
338,86,The Ballad of Buster Scruggs (2018) ,Clancy Brown
339,86,The Ballad of Buster Scruggs (2018) ,
340,87,Creed II (2018) ,Michael B. Jordan
341,87,Creed II (2018) ,Sylvester Stallone
342,87,Creed II (2018) ,Tessa Thompson
343,87,Creed II (2018) ,
344,88,Crazy Rich Asians (2018) ,Constance Wu
345,88,Crazy Rich Asians (2018) ,Henry Golding
346,88,Crazy Rich Asians (2018) ,Michelle Yeoh
347,88,Crazy Rich Asians (2018) ,
348,89,First Reformed (2017) ,Ethan Hawke
349,89,First Reformed (2017) ,Amanda Seyfried
350,89,First Reformed (2017) ,Cedric the Entertainer
351,89,First Reformed (2017) ,
352,90,Can You Ever Forgive Me? (2018) ,Melissa McCarthy
353,90,Can You Ever Forgive Me? (2018) ,Richard E. Grant
354,90,Can You Ever Forgive Me? (2018) ,Dolly Wells
355,90,Can You Ever Forgive Me? (2018) ,
356,91,The Rider (2017) ,Brady Jandreau
357,91,The Rider (2017) ,Mooney
358,91,The Rider (2017) ,Tim Jandreau
359,91,The Rider (2017) ,
360,92,Aquaman (2018) ,Jason Momoa
361,92,Aquaman (2018) ,Amber Heard
362,92,Aquaman (2018) ,Willem Dafoe
363,92,Aquaman (2018) ,
364,93,Upgrade (2018) ,Logan Marshall-Green
365,93,Upgrade (2018) ,Melanie Vallejo
366,93,Upgrade (2018) ,Steve Danielsen
367,93,Upgrade (2018) ,
368,94,Incredibles 2 (2018) ,Craig T. Nelson
369,94,Incredibles 2 (2018) ,Holly Hunter
370,94,Incredibles 2 (2018) ,Sarah Vowell
371,94,Incredibles 2 (2018) ,
372,95,Happy as Lazzaro (2018) ,Adriano Tardiolo
373,95,Happy as Lazzaro (2018) ,Agnese Graziani
374,95,Happy as Lazzaro (2018) ,Alba Rohrwacher
375,95,Happy as Lazzaro (2018) ,
376,96,Sweet Country (2017) ,Hamilton Morris
377,96,Sweet Country (2017) ,Shanika Cole
378,96,Sweet Country (2017) ,Ewen Leslie
379,96,Sweet Country (2017) ,
380,97,Hereditary (2018) ,Toni Collette
381,97,Hereditary (2018) ,Milly Shapiro
382,97,Hereditary (2018) ,Gabriel Byrne
383,97,Hereditary (2018) ,
384,98,Annihilation (2018) ,Natalie Portman
385,98,Annihilation (2018) ,Jennifer Jason Leigh
386,98,Annihilation (2018) ,Tessa Thompson
387,98,Annihilation (2018) ,
388,99,The Endless (2017) ,Aaron Moorhead
389,99,The Endless (2017) ,Justin Benson
390,99,The Endless (2017) ,Callie Hernandez
391,99,The Endless (2017) ,
392,100,Venom (2018) ,Tom Hardy
393,100,Venom (2018) ,Michelle Williams
394,100,Venom (2018) ,Riz Ahmed
395,100,Venom (2018) ,
396,101,"Three Billboards Outside Ebbing, Missouri (2017) ",Frances McDormand
397,101,"Three Billboards Outside Ebbing, Missouri (2017) ",Woody Harrelson
398,101,"Three Billboards Outside Ebbing, Missouri (2017) ",Sam Rockwell
399,101,"Three Billboards Outside Ebbing, Missouri (2017) ",
400,102,Get Out (2017) ,Daniel Kaluuya
401,102,Get Out (2017) ,Allison Williams
402,102,Get Out (2017) ,Bradley Whitford
403,102,Get Out (2017) ,
404,103,The Florida Project (2017) ,Brooklynn Prince
405,103,The Florida Project (2017) ,Bria Vinaite
406,103,The Florida Project (2017) ,Willem Dafoe
407,103,The Florida Project (2017) ,
408,104,John Wick: Chapter 2 (2017) ,Keanu Reeves
409,104,John Wick: Chapter 2 (2017) ,Riccardo Scamarcio
410,104,John Wick: Chapter 2 (2017) ,Ian McShane
411,104,John Wick: Chapter 2 (2017) ,
412,105,Lady Bird (2017) ,Saoirse Ronan
413,105,Lady Bird (2017) ,Laurie Metcalf
414,105,Lady Bird (2017) ,Tracy Letts
415,105,Lady Bird (2017) ,
416,106,The Shape of Water (2017) ,Sally Hawkins
417,106,The Shape of Water (2017) ,Octavia Spencer
418,106,The Shape of Water (2017) ,Michael Shannon
419,106,The Shape of Water (2017) ,
420,107,Mother! (2017) ,Jennifer Lawrence
421,107,Mother! (2017) ,Javier Bardem
422,107,Mother! (2017) ,Ed Harris
423,107,Mother! (2017) ,
424,108,Good Time (2017) ,Robert Pattinson
425,108,Good Time (2017) ,Benny Safdie
426,108,Good Time (2017) ,Jennifer Jason Leigh
427,108,Good Time (2017) ,
428,109,Split (2016) ,James McAvoy
429,109,Split (2016) ,Anya Taylor-Joy
430,109,Split (2016) ,Haley Lu Richardson
431,109,Split (2016) ,
432,110,Logan (2017) ,Hugh Jackman
433,110,Logan (2017) ,Patrick Stewart
434,110,Logan (2017) ,Dafne Keen
435,110,Logan (2017) ,
436,111,Call Me by Your Name (2017) ,Armie Hammer
437,111,Call Me by Your Name (2017) ,Timothée Chalamet
438,111,Call Me by Your Name (2017) ,Michael Stuhlbarg
439,111,Call Me by Your Name (2017) ,
440,112,Brawl in Cell Block 99 (2017) ,Vince Vaughn
441,112,Brawl in Cell Block 99 (2017) ,Jennifer Carpenter
442,112,Brawl in Cell Block 99 (2017) ,Don Johnson
443,112,Brawl in Cell Block 99 (2017) ,
444,113,Star Wars: Episode VIII - The Last Jedi (2017) ,Daisy Ridley
445,113,Star Wars: Episode VIII - The Last Jedi (2017) ,John Boyega
446,113,Star Wars: Episode VIII - The Last Jedi (2017) ,Mark Hamill
447,113,Star Wars: Episode VIII - The Last Jedi (2017) ,
448,114,The Disaster Artist (2017) ,James Franco
449,114,The Disaster Artist (2017) ,Dave Franco
450,114,The Disaster Artist (2017) ,Ari Graynor
451,114,The Disaster Artist (2017) ,
452,115,Blade Runner 2049 (2017) ,Harrison Ford
453,115,Blade Runner 2049 (2017) ,Ryan Gosling
454,115,Blade Runner 2049 (2017) ,Ana de Armas
455,115,Blade Runner 2049 (2017) ,
456,116,War for the Planet of the Apes (2017) ,Andy Serkis
457,116,War for the Planet of the Apes (2017) ,Woody Harrelson
458,116,War for the Planet of the Apes (2017) ,Steve Zahn
459,116,War for the Planet of the Apes (2017) ,
460,117,Thor: Ragnarok (2017) ,Chris Hemsworth
461,117,Thor: Ragnarok (2017) ,Tom Hiddleston
462,117,Thor: Ragnarok (2017) ,Cate Blanchett
463,117,Thor: Ragnarok (2017) ,
464,118,Baby Driver (2017) ,Ansel Elgort
465,118,Baby Driver (2017) ,Jon Bernthal
466,118,Baby Driver (2017) ,Jon Hamm
467,118,Baby Driver (2017) ,
468,119,Logan Lucky (2017) ,Channing Tatum
469,119,Logan Lucky (2017) ,Adam Driver
470,119,Logan Lucky (2017) ,Daniel Craig
471,119,Logan Lucky (2017) ,
472,120,Detroit (2017) ,John Boyega
473,120,Detroit (2017) ,Anthony Mackie
474,120,Detroit (2017) ,Algee Smith
475,120,Detroit (2017) ,
476,121,Ingrid Goes West (2017) ,Aubrey Plaza
477,121,Ingrid Goes West (2017) ,Elizabeth Olsen
478,121,Ingrid Goes West (2017) ,O'Shea Jackson Jr.
479,121,Ingrid Goes West (2017) ,
480,122,American Made (2017) ,Tom Cruise
481,122,American Made (2017) ,Domhnall Gleeson
482,122,American Made (2017) ,Sarah Wright
483,122,American Made (2017) ,
484,123,Dunkirk (2017) ,Fionn Whitehead
485,123,Dunkirk (2017) ,Barry Keoghan
486,123,Dunkirk (2017) ,Mark Rylance
487,123,Dunkirk (2017) ,
488,124,"I, Tonya (2017) ",Margot Robbie
489,124,"I, Tonya (2017) ",Sebastian Stan
490,124,"I, Tonya (2017) ",Allison Janney
491,124,"I, Tonya (2017) ",
492,125,Wind River (2017) ,Kelsey Asbille
493,125,Wind River (2017) ,Jeremy Renner
494,125,Wind River (2017) ,Julia Jones
495,125,Wind River (2017) ,
496,126,Spider-Man: Homecoming (2017) ,Tom Holland
497,126,Spider-Man: Homecoming (2017) ,Michael Keaton
498,126,Spider-Man: Homecoming (2017) ,Robert Downey Jr.
499,126,Spider-Man: Homecoming (2017) ,
500,127,The Big Sick (2017) ,Kumail Nanjiani
501,127,The Big Sick (2017) ,Zoe Kazan
502,127,The Big Sick (2017) ,Holly Hunter
503,127,The Big Sick (2017) ,
504,128,Jumanji: Welcome to the Jungle (2017) ,Dwayne Johnson
505,128,Jumanji: Welcome to the Jungle (2017) ,Karen Gillan
506,128,Jumanji: Welcome to the Jungle (2017) ,Kevin Hart
507,128,Jumanji: Welcome to the Jungle (2017) ,
508,129,Colossal (2016) ,Anne Hathaway
509,129,Colossal (2016) ,Jason Sudeikis
510,129,Colossal (2016) ,Austin Stowell
511,129,Colossal (2016) ,
512,130,Wonder (2017) ,Jacob Tremblay
513,130,Wonder (2017) ,Owen Wilson
514,130,Wonder (2017) ,Izabela Vidovic
515,130,Wonder (2017) ,
516,131,The Killing of a Sacred Deer (2017) ,Barry G. Bernson
517,131,The Killing of a Sacred Deer (2017) ,Herb Caillouet
518,131,The Killing of a Sacred Deer (2017) ,Bill Camp
519,131,The Killing of a Sacred Deer (2017) ,
520,132,The Meyerowitz Stories (2017) ,Adam Sandler
521,132,The Meyerowitz Stories (2017) ,Grace Van Patten
522,132,The Meyerowitz Stories (2017) ,Dustin Hoffman
523,132,The Meyerowitz Stories (2017) ,
524,133,Battle of the Sexes (2017) ,Emma Stone
525,133,Battle of the Sexes (2017) ,Steve Carell
526,133,Battle of the Sexes (2017) ,Andrea Riseborough
527,133,Battle of the Sexes (2017) ,
528,134,War Machine (2017) ,Brad Pitt
529,134,War Machine (2017) ,Daniel Betts
530,134,War Machine (2017) ,John Magaro
531,134,War Machine (2017) ,
532,135,The Beguiled (2017) ,Nicole Kidman
533,135,The Beguiled (2017) ,Kirsten Dunst
534,135,The Beguiled (2017) ,Elle Fanning
535,135,The Beguiled (2017) ,
536,136,It (2017) ,Bill Skarsgård
537,136,It (2017) ,Jaeden Martell
538,136,It (2017) ,Finn Wolfhard
539,136,It (2017) ,
540,137,Brad's Status (2017) ,Ben Stiller
541,137,Brad's Status (2017) ,Austin Abrams
542,137,Brad's Status (2017) ,Jenna Fischer
543,137,Brad's Status (2017) ,
544,138,Stronger (2017) ,Jake Gyllenhaal
545,138,Stronger (2017) ,Tatiana Maslany
546,138,Stronger (2017) ,Miranda Richardson
547,138,Stronger (2017) ,
548,139,Patti Cake$ (2017) ,Sahr Ngaujah
549,139,Patti Cake$ (2017) ,Danielle Macdonald
550,139,Patti Cake$ (2017) ,Bridget Everett
551,139,Patti Cake$ (2017) ,
552,140,Guardians of the Galaxy Vol. 2 (2017) ,Chris Pratt
553,140,Guardians of the Galaxy Vol. 2 (2017) ,Zoe Saldana
554,140,Guardians of the Galaxy Vol. 2 (2017) ,Dave Bautista
555,140,Guardians of the Galaxy Vol. 2 (2017) ,
556,141,The Lego Batman Movie (2017) ,Will Arnett
557,141,The Lego Batman Movie (2017) ,Michael Cera
558,141,The Lego Batman Movie (2017) ,Rosario Dawson
559,141,The Lego Batman Movie (2017) ,
560,142,Atomic Blonde (2017) ,Charlize Theron
561,142,Atomic Blonde (2017) ,James McAvoy
562,142,Atomic Blonde (2017) ,John Goodman
563,142,Atomic Blonde (2017) ,
564,143,Wakefield (2016) ,Bryan Cranston
565,143,Wakefield (2016) ,Jennifer Garner
566,143,Wakefield (2016) ,Victoria Bruno
567,143,Wakefield (2016) ,
568,144,Beauty and the Beast (2017) ,Emma Watson
569,144,Beauty and the Beast (2017) ,Dan Stevens
570,144,Beauty and the Beast (2017) ,Luke Evans
571,144,Beauty and the Beast (2017) ,
572,145,Brigsby Bear (2017) ,Kyle Mooney
573,145,Brigsby Bear (2017) ,Mark Hamill
574,145,Brigsby Bear (2017) ,Jorge Lendeborg Jr.
575,145,Brigsby Bear (2017) ,
576,146,Kong: Skull Island (2017) ,Tom Hiddleston
577,146,Kong: Skull Island (2017) ,Samuel L. Jackson
578,146,Kong: Skull Island (2017) ,Brie Larson
579,146,Kong: Skull Island (2017) ,
580,147,Alien: Covenant (2017) ,Michael Fassbender
581,147,Alien: Covenant (2017) ,Katherine Waterston
582,147,Alien: Covenant (2017) ,Billy Crudup
583,147,Alien: Covenant (2017) ,
584,148,Goodbye Christopher Robin (2017) ,Domhnall Gleeson
585,148,Goodbye Christopher Robin (2017) ,Margot Robbie
586,148,Goodbye Christopher Robin (2017) ,Kelly Macdonald
587,148,Goodbye Christopher Robin (2017) ,
588,149,Victoria & Abdul (2017) ,Judi Dench
589,149,Victoria & Abdul (2017) ,Ali Fazal
590,149,Victoria & Abdul (2017) ,Tim Pigott-Smith
591,149,Victoria & Abdul (2017) ,
592,150,Suburbicon (2017) ,Matt Damon
593,150,Suburbicon (2017) ,Julianne Moore
594,150,Suburbicon (2017) ,Oscar Isaac
595,150,Suburbicon (2017) ,
596,151,Captain Fantastic (2016) ,Viggo Mortensen
597,151,Captain Fantastic (2016) ,George MacKay
598,151,Captain Fantastic (2016) ,Samantha Isler
599,151,Captain Fantastic (2016) ,
600,152,La La Land (2016) ,Ryan Gosling
601,152,La La Land (2016) ,Emma Stone
602,152,La La Land (2016) ,Rosemarie DeWitt
603,152,La La Land (2016) ,
604,153,Hacksaw Ridge (2016) ,Andrew Garfield
605,153,Hacksaw Ridge (2016) ,Sam Worthington
606,153,Hacksaw Ridge (2016) ,Luke Bracey
607,153,Hacksaw Ridge (2016) ,
608,154,Lion (2016) ,Dev Patel
609,154,Lion (2016) ,Nicole Kidman
610,154,Lion (2016) ,Rooney Mara
611,154,Lion (2016) ,
612,155,Hell or High Water (2016) ,Chris Pine
613,155,Hell or High Water (2016) ,Ben Foster
614,155,Hell or High Water (2016) ,Jeff Bridges
615,155,Hell or High Water (2016) ,
616,156,The Witch (2015) ,Anya Taylor-Joy
617,156,The Witch (2015) ,Ralph Ineson
618,156,The Witch (2015) ,Kate Dickie
619,156,The Witch (2015) ,
620,157,The Jungle Book (2016) ,Neel Sethi
621,157,The Jungle Book (2016) ,Bill Murray
622,157,The Jungle Book (2016) ,Ben Kingsley
623,157,The Jungle Book (2016) ,
624,158,Deadpool (2016) ,Ryan Reynolds
625,158,Deadpool (2016) ,Morena Baccarin
626,158,Deadpool (2016) ,T.J. Miller
627,158,Deadpool (2016) ,
628,159,Moonlight (2016) ,Mahershala Ali
629,159,Moonlight (2016) ,Naomie Harris
630,159,Moonlight (2016) ,Trevante Rhodes
631,159,Moonlight (2016) ,
632,160,Other People (2016) ,Jesse Plemons
633,160,Other People (2016) ,Molly Shannon
634,160,Other People (2016) ,Bradley Whitford
635,160,Other People (2016) ,
636,161,Zootopia (2016) ,Ginnifer Goodwin
637,161,Zootopia (2016) ,Jason Bateman
638,161,Zootopia (2016) ,Idris Elba
639,161,Zootopia (2016) ,
640,162,Nocturnal Animals (2016) ,Amy Adams
641,162,Nocturnal Animals (2016) ,Jake Gyllenhaal
642,162,Nocturnal Animals (2016) ,Michael Shannon
643,162,Nocturnal Animals (2016) ,
644,163,Train to Busan (2016) ,Yoo Gong
645,163,Train to Busan (2016) ,Yu-mi Jung
646,163,Train to Busan (2016) ,Dong-seok Ma
647,163,Train to Busan (2016) ,
648,164,Don't Breathe (2016) ,Stephen Lang
649,164,Don't Breathe (2016) ,Jane Levy
650,164,Don't Breathe (2016) ,Dylan Minnette
651,164,Don't Breathe (2016) ,
652,165,Sing Street (2016) ,Ferdia Walsh-Peelo
653,165,Sing Street (2016) ,Aidan Gillen
654,165,Sing Street (2016) ,Maria Doyle Kennedy
655,165,Sing Street (2016) ,
656,166,Doctor Strange (2016) ,Benedict Cumberbatch
657,166,Doctor Strange (2016) ,Chiwetel Ejiofor
658,166,Doctor Strange (2016) ,Rachel McAdams
659,166,Doctor Strange (2016) ,
660,167,The Conjuring 2 (2016) ,Vera Farmiga
661,167,The Conjuring 2 (2016) ,Patrick Wilson
662,167,The Conjuring 2 (2016) ,Madison Wolfe
663,167,The Conjuring 2 (2016) ,
664,168,The Distinguished Citizen (2016) ,Oscar Martínez
665,168,The Distinguished Citizen (2016) ,Dady Brieva
666,168,The Distinguished Citizen (2016) ,Andrea Frigerio
667,168,The Distinguished Citizen (2016) ,
668,169,Your Name. (2016) ,Ryûnosuke Kamiki
669,169,Your Name. (2016) ,Mone Kamishiraishi
670,169,Your Name. (2016) ,Ryô Narita
671,169,Your Name. (2016) ,
672,170,Miss Peregrine's Home for Peculiar Children (2016) ,Eva Green
673,170,Miss Peregrine's Home for Peculiar Children (2016) ,Asa Butterfield
674,170,Miss Peregrine's Home for Peculiar Children (2016) ,Samuel L. Jackson
675,170,Miss Peregrine's Home for Peculiar Children (2016) ,
676,171,Eddie the Eagle (2015) ,Taron Egerton
677,171,Eddie the Eagle (2015) ,Hugh Jackman
678,171,Eddie the Eagle (2015) ,Tom Costello
679,171,Eddie the Eagle (2015) ,
680,172,Elle (2016) ,Isabelle Huppert
681,172,Elle (2016) ,Laurent Lafitte
682,172,Elle (2016) ,Anne Consigny
683,172,Elle (2016) ,
684,173,Julieta (2016) ,Emma Suárez
685,173,Julieta (2016) ,Adriana Ugarte
686,173,Julieta (2016) ,Daniel Grao
687,173,Julieta (2016) ,
688,174,Manchester by the Sea (2016) ,Casey Affleck
689,174,Manchester by the Sea (2016) ,Michelle Williams
690,174,Manchester by the Sea (2016) ,Kyle Chandler
691,174,Manchester by the Sea (2016) ,
692,175,10 Cloverfield Lane (2016) ,John Goodman
693,175,10 Cloverfield Lane (2016) ,Mary Elizabeth Winstead
694,175,10 Cloverfield Lane (2016) ,John Gallagher Jr.
695,175,10 Cloverfield Lane (2016) ,
696,176,Hidden Figures (2016) ,Taraji P. Henson
697,176,Hidden Figures (2016) ,Octavia Spencer
698,176,Hidden Figures (2016) ,Janelle Monáe
699,176,Hidden Figures (2016) ,
700,177,Florence Foster Jenkins (2016) ,Meryl Streep
701,177,Florence Foster Jenkins (2016) ,Hugh Grant
702,177,Florence Foster Jenkins (2016) ,Simon Helberg
703,177,Florence Foster Jenkins (2016) ,
704,178,The Invisible Guest (2016) ,Mario Casas
705,178,The Invisible Guest (2016) ,Ana Wagener
706,178,The Invisible Guest (2016) ,Jose Coronado
707,178,The Invisible Guest (2016) ,
708,179,Deepwater Horizon (2016) ,Mark Wahlberg
709,179,Deepwater Horizon (2016) ,Kurt Russell
710,179,Deepwater Horizon (2016) ,Douglas M. Griffin
711,179,Deepwater Horizon (2016) ,
712,180,The Edge of Seventeen (2016) ,Hailee Steinfeld
713,180,The Edge of Seventeen (2016) ,Haley Lu Richardson
714,180,The Edge of Seventeen (2016) ,Blake Jenner
715,180,The Edge of Seventeen (2016) ,
716,181,The Magnificent Seven (2016) ,Denzel Washington
717,181,The Magnificent Seven (2016) ,Chris Pratt
718,181,The Magnificent Seven (2016) ,Ethan Hawke
719,181,The Magnificent Seven (2016) ,
720,182,The Shallows (2016) ,Blake Lively
721,182,The Shallows (2016) ,Óscar Jaenada
722,182,The Shallows (2016) ,Angelo Josue Lozano Corzo
723,182,The Shallows (2016) ,
724,183,X-Men: Apocalypse (2016) ,James McAvoy
725,183,X-Men: Apocalypse (2016) ,Michael Fassbender
726,183,X-Men: Apocalypse (2016) ,Jennifer Lawrence
727,183,X-Men: Apocalypse (2016) ,
728,184,Hush (2016) ,John Gallagher Jr.
729,184,Hush (2016) ,Kate Siegel
730,184,Hush (2016) ,Michael Trucco
731,184,Hush (2016) ,
732,185,Captain America: Civil War (2016) ,Chris Evans
733,185,Captain America: Civil War (2016) ,Robert Downey Jr.
734,185,Captain America: Civil War (2016) ,Scarlett Johansson
735,185,Captain America: Civil War (2016) ,
736,186,¿Qué culpa tiene el niño? (2016) ,Karla Souza
737,186,¿Qué culpa tiene el niño? (2016) ,Ricardo Abarca
738,186,¿Qué culpa tiene el niño? (2016) ,Biassini Segura
739,186,¿Qué culpa tiene el niño? (2016) ,
740,187,War Dogs (2016) ,Jonah Hill
741,187,War Dogs (2016) ,Miles Teller
742,187,War Dogs (2016) ,Steve Lantz
743,187,War Dogs (2016) ,
744,188,A Monster Calls (2016) ,Lewis MacDougall
745,188,A Monster Calls (2016) ,Sigourney Weaver
746,188,A Monster Calls (2016) ,Felicity Jones
747,188,A Monster Calls (2016) ,
748,189,"I, Daniel Blake (2016) ",Dave Johns
749,189,"I, Daniel Blake (2016) ",Hayley Squires
750,189,"I, Daniel Blake (2016) ",Sharon Percy
751,189,"I, Daniel Blake (2016) ",
752,190,Lights Out (2016) ,Teresa Palmer
753,190,Lights Out (2016) ,Gabriel Bateman
754,190,Lights Out (2016) ,Maria Bello
755,190,Lights Out (2016) ,
756,191,The Innocents (2016) ,Lou de Laâge
757,191,The Innocents (2016) ,Agata Buzek
758,191,The Innocents (2016) ,Agata Kulesza
759,191,The Innocents (2016) ,
760,192,Rogue One: A Star Wars Story (2016) ,Felicity Jones
761,192,Rogue One: A Star Wars Story (2016) ,Diego Luna
762,192,Rogue One: A Star Wars Story (2016) ,Alan Tudyk
763,192,Rogue One: A Star Wars Story (2016) ,
764,193,13 Hours (2016) ,John Krasinski
765,193,13 Hours (2016) ,Pablo Schreiber
766,193,13 Hours (2016) ,James Badge Dale
767,193,13 Hours (2016) ,
768,194,Fantastic Beasts and Where to Find Them (2016) ,Eddie Redmayne
769,194,Fantastic Beasts and Where to Find Them (2016) ,Katherine Waterston
770,194,Fantastic Beasts and Where to Find Them (2016) ,Alison Sudol
771,194,Fantastic Beasts and Where to Find Them (2016) ,
772,195,The Boy (2016) ,Lauren Cohan
773,195,The Boy (2016) ,Rupert Evans
774,195,The Boy (2016) ,James Russell
775,195,The Boy (2016) ,
776,196,The Nice Guys (2016) ,Russell Crowe
777,196,The Nice Guys (2016) ,Ryan Gosling
778,196,The Nice Guys (2016) ,Angourie Rice
779,196,The Nice Guys (2016) ,
780,197,Kubo and the Two Strings (2016) ,Charlize Theron
781,197,Kubo and the Two Strings (2016) ,Art Parkinson
782,197,Kubo and the Two Strings (2016) ,Matthew McConaughey
783,197,Kubo and the Two Strings (2016) ,
784,198,Little Men (2016) ,Greg Kinnear
785,198,Little Men (2016) ,Jennifer Ehle
786,198,Little Men (2016) ,Paulina García
787,198,Little Men (2016) ,
788,199,American Honey (2016) ,Sasha Lane
789,199,American Honey (2016) ,Shia LaBeouf
790,199,American Honey (2016) ,Riley Keough
791,199,American Honey (2016) ,
792,200,The Founder (2016) ,Michael Keaton
793,200,The Founder (2016) ,Nick Offerman
794,200,The Founder (2016) ,John Carroll Lynch
795,200,The Founder (2016) ,
796,201,Brooklyn (2015) ,Saoirse Ronan
797,201,Brooklyn (2015) ,Emory Cohen
798,201,Brooklyn (2015) ,Domhnall Gleeson
799,201,Brooklyn (2015) ,
800,202,The Big Short (2015) ,Christian Bale
801,202,The Big Short (2015) ,Steve Carell
802,202,The Big Short (2015) ,Ryan Gosling
803,202,The Big Short (2015) ,
804,203,Mad Max: Fury Road (2015) ,Tom Hardy
805,203,Mad Max: Fury Road (2015) ,Charlize Theron
806,203,Mad Max: Fury Road (2015) ,Nicholas Hoult
807,203,Mad Max: Fury Road (2015) ,
808,204,Sicario (2015) ,Emily Blunt
809,204,Sicario (2015) ,Josh Brolin
810,204,Sicario (2015) ,Benicio Del Toro
811,204,Sicario (2015) ,
812,205,When Marnie Was There (2014) ,Sara Takatsuki
813,205,When Marnie Was There (2014) ,Kasumi Arimura
814,205,When Marnie Was There (2014) ,Nanako Matsushima
815,205,When Marnie Was There (2014) ,
816,206,The Martian (2015) ,Matt Damon
817,206,The Martian (2015) ,Jessica Chastain
818,206,The Martian (2015) ,Kristen Wiig
819,206,The Martian (2015) ,
820,207,The Revenant (2015) ,Leonardo DiCaprio
821,207,The Revenant (2015) ,Tom Hardy
822,207,The Revenant (2015) ,Will Poulter
823,207,The Revenant (2015) ,
824,208,Anomalisa (2015) ,David Thewlis
825,208,Anomalisa (2015) ,Jennifer Jason Leigh
826,208,Anomalisa (2015) ,Tom Noonan
827,209,Spotlight (2015) ,Mark Ruffalo
828,209,Spotlight (2015) ,Michael Keaton
829,209,Spotlight (2015) ,Rachel McAdams
830,209,Spotlight (2015) ,
831,210,Room (2015) ,Brie Larson
832,210,Room (2015) ,Jacob Tremblay
833,210,Room (2015) ,Sean Bridgers
834,210,Room (2015) ,
835,211,Inside Out (2015) ,Amy Poehler
836,211,Inside Out (2015) ,Bill Hader
837,211,Inside Out (2015) ,Lewis Black
838,211,Inside Out (2015) ,
839,212,Cartel Land (2015) ,Tim Nailer Foley
840,212,Cartel Land (2015) ,José Manuel 'El Doctor' Mireles
841,212,Cartel Land (2015) ,Paco Valencia
842,212,Cartel Land (2015) ,
843,213,Mission: Impossible - Rogue Nation (2015) ,Tom Cruise
844,213,Mission: Impossible - Rogue Nation (2015) ,Rebecca Ferguson
845,213,Mission: Impossible - Rogue Nation (2015) ,Jeremy Renner
846,213,Mission: Impossible - Rogue Nation (2015) ,
847,214,Creed (2015) ,Michael B. Jordan
848,214,Creed (2015) ,Sylvester Stallone
849,214,Creed (2015) ,Tessa Thompson
850,214,Creed (2015) ,
851,215,Beasts of No Nation (2015) ,Abraham Attah
852,215,Beasts of No Nation (2015) ,Emmanuel Affadzi
853,215,Beasts of No Nation (2015) ,Ricky Adelayitor
854,215,Beasts of No Nation (2015) ,
855,216,The Hateful Eight (2015) ,Samuel L. Jackson
856,216,The Hateful Eight (2015) ,Kurt Russell
857,216,The Hateful Eight (2015) ,Jennifer Jason Leigh
858,216,The Hateful Eight (2015) ,
859,217,Mustang (2015) ,Günes Sensoy
860,217,Mustang (2015) ,Doga Zeynep Doguslu
861,217,Mustang (2015) ,Tugba Sunguroglu
862,217,Mustang (2015) ,
863,218,The Falling (2014) ,Maxine Peake
864,218,The Falling (2014) ,Maisie Williams
865,218,The Falling (2014) ,Florence Pugh
866,218,The Falling (2014) ,
867,219,The Final Girls (2015) ,Taissa Farmiga
868,219,The Final Girls (2015) ,Malin Akerman
869,219,The Final Girls (2015) ,Adam Devine
870,219,The Final Girls (2015) ,
871,220,Mississippi Grind (2015) ,Ben Mendelsohn
872,220,Mississippi Grind (2015) ,Ryan Reynolds
873,220,Mississippi Grind (2015) ,Yvonne Landry
874,220,Mississippi Grind (2015) ,
875,221,Steve Jobs (2015) ,Michael Fassbender
876,221,Steve Jobs (2015) ,Kate Winslet
877,221,Steve Jobs (2015) ,Seth Rogen
878,221,Steve Jobs (2015) ,
879,222,Carol (2015) ,Cate Blanchett
880,222,Carol (2015) ,Rooney Mara
881,222,Carol (2015) ,Sarah Paulson
882,222,Carol (2015) ,
883,223,99 Homes (2014) ,Andrew Garfield
884,223,99 Homes (2014) ,Michael Shannon
885,223,99 Homes (2014) ,Laura Dern
886,223,99 Homes (2014) ,
887,224,Man Up (2015) ,Lake Bell
888,224,Man Up (2015) ,Rory Kinnear
889,224,Man Up (2015) ,Ken Stott
890,224,Man Up (2015) ,
891,225,Victoria (2015) ,Laia Costa
892,225,Victoria (2015) ,Frederick Lau
893,225,Victoria (2015) ,Franz Rogowski
894,225,Victoria (2015) ,
895,226,Southpaw (2015) ,Jake Gyllenhaal
896,226,Southpaw (2015) ,Rachel McAdams
897,226,Southpaw (2015) ,Oona Laurence
898,226,Southpaw (2015) ,
899,227,Kingsman: The Secret Service (2014) ,Colin Firth
900,227,Kingsman: The Secret Service (2014) ,Taron Egerton
901,227,Kingsman: The Secret Service (2014) ,Samuel L. Jackson
902,227,Kingsman: The Secret Service (2014) ,
903,228,Straight Outta Compton (2015) ,O'Shea Jackson Jr.
904,228,Straight Outta Compton (2015) ,Corey Hawkins
905,228,Straight Outta Compton (2015) ,Jason Mitchell
906,228,Straight Outta Compton (2015) ,
907,229,The Stanford Prison Experiment (2015) ,Ezra Miller
908,229,The Stanford Prison Experiment (2015) ,Tye Sheridan
909,229,The Stanford Prison Experiment (2015) ,Billy Crudup
910,229,The Stanford Prison Experiment (2015) ,
911,230,Mistress America (2015) ,Greta Gerwig
912,230,Mistress America (2015) ,Lola Kirke
913,230,Mistress America (2015) ,Shana Dowdeswell
914,230,Mistress America (2015) ,
915,231,Goodnight Mommy (2014) ,Lukas Schwarz
916,231,Goodnight Mommy (2014) ,Elias Schwarz
917,231,Goodnight Mommy (2014) ,Susanne Wuest
918,231,Goodnight Mommy (2014) ,
919,232,Sleeping with Other People (2015) ,Jason Sudeikis
920,232,Sleeping with Other People (2015) ,Alison Brie
921,232,Sleeping with Other People (2015) ,Jordan Carlos
922,232,Sleeping with Other People (2015) ,
923,233,The Assassin (2015) ,Qi Shu
924,233,The Assassin (2015) ,Chen Chang
925,233,The Assassin (2015) ,Yun Zhou
926,233,The Assassin (2015) ,
927,234,Star Wars: Episode VII - The Force Awakens (2015) ,Daisy Ridley
928,234,Star Wars: Episode VII - The Force Awakens (2015) ,John Boyega
929,234,Star Wars: Episode VII - The Force Awakens (2015) ,Oscar Isaac
930,234,Star Wars: Episode VII - The Force Awakens (2015) ,
931,235,Ex Machina (2014) ,Alicia Vikander
932,235,Ex Machina (2014) ,Domhnall Gleeson
933,235,Ex Machina (2014) ,Oscar Isaac
934,235,Ex Machina (2014) ,
935,236,De Palma (2015) ,N/A
936,237,Avengers: Age of Ultron (2015) ,Robert Downey Jr.
937,237,Avengers: Age of Ultron (2015) ,Chris Evans
938,237,Avengers: Age of Ultron (2015) ,Mark Ruffalo
939,237,Avengers: Age of Ultron (2015) ,
940,238,Shaun the Sheep Movie (2015) ,Justin Fletcher
941,238,Shaun the Sheep Movie (2015) ,John Sparkes
942,238,Shaun the Sheep Movie (2015) ,Omid Djalili
943,238,Shaun the Sheep Movie (2015) ,
944,239,Cop Car (2015) ,Kevin Bacon
945,239,Cop Car (2015) ,James Freedson-Jackson
946,239,Cop Car (2015) ,Hays Wellford
947,239,Cop Car (2015) ,
948,240,Black Mass (2015) ,Johnny Depp
949,240,Black Mass (2015) ,Benedict Cumberbatch
950,240,Black Mass (2015) ,Dakota Johnson
951,240,Black Mass (2015) ,
952,241,Tangerine (2015) ,Kitana Kiki Rodriguez
953,241,Tangerine (2015) ,Mya Taylor
954,241,Tangerine (2015) ,Karren Karagulian
955,241,Tangerine (2015) ,
956,242,Clouds of Sils Maria (2014) ,Juliette Binoche
957,242,Clouds of Sils Maria (2014) ,Kristen Stewart
958,242,Clouds of Sils Maria (2014) ,Chloë Grace Moretz
959,242,Clouds of Sils Maria (2014) ,
960,243,Grandma (2015) ,Lily Tomlin
961,243,Grandma (2015) ,Julia Garner
962,243,Grandma (2015) ,Marcia Gay Harden
963,243,Grandma (2015) ,
964,244,Cinderella (2015) ,Lily James
965,244,Cinderella (2015) ,Cate Blanchett
966,244,Cinderella (2015) ,Richard Madden
967,244,Cinderella (2015) ,
968,245,The Lobster (2015) ,Colin Farrell
969,245,The Lobster (2015) ,Rachel Weisz
970,245,The Lobster (2015) ,Jessica Barden
971,245,The Lobster (2015) ,
972,246,What We Do in the Shadows (2014) ,Jemaine Clement
973,246,What We Do in the Shadows (2014) ,Taika Waititi
974,246,What We Do in the Shadows (2014) ,Cori Gonzalez-Macuer
975,246,What We Do in the Shadows (2014) ,
976,247,Paddington (2014) ,Hugh Bonneville
977,247,Paddington (2014) ,Sally Hawkins
978,247,Paddington (2014) ,Julie Walters
979,247,Paddington (2014) ,
980,248,Bone Tomahawk (2015) ,Kurt Russell
981,248,Bone Tomahawk (2015) ,Patrick Wilson
982,248,Bone Tomahawk (2015) ,Matthew Fox
983,248,Bone Tomahawk (2015) ,
984,249,The Man from U.N.C.L.E. (2015) ,Henry Cavill
985,249,The Man from U.N.C.L.E. (2015) ,Armie Hammer
986,249,The Man from U.N.C.L.E. (2015) ,Alicia Vikander
987,249,The Man from U.N.C.L.E. (2015) ,
988,250,Take Me to the River (2015) ,Logan Miller
989,250,Take Me to the River (2015) ,Robin Weigert
990,250,Take Me to the River (2015) ,Josh Hamilton
991,250,Take Me to the River (2015) ,
992,251,The Duff (2015) ,Mae Whitman
993,251,The Duff (2015) ,Bella Thorne
994,251,The Duff (2015) ,Robbie Amell
995,251,The Duff (2015) ,
