PID,PID_Movie,MovieName,Genre
1,1,Joker (2019) , Crime
2,1,Joker (2019) , Drama
3,1,Joker (2019) , Thriller
4,2,Jojo Rabbit (2019) , Comedy
5,2,Jojo Rabbit (2019) , Drama
6,2,Jojo Rabbit (2019) , War
7,3,The King (2019) , Biography
8,3,The King (2019) , Drama
9,3,The King (2019) , History
10,3,The King (2019) , Romance
11,3,The King (2019) , War
12,4,Parasite (2019) , Comedy
13,4,Parasite (2019) , Drama
14,4,Parasite (2019) , Thriller
15,5,Marriage Story (2019) , Comedy
16,5,Marriage Story (2019) , Drama
17,5,Marriage Story (2019) , Romance
18,6,1917 (2019) , Drama
19,6,1917 (2019) , War
20,7,Midsommar (2019) , Drama
21,7,Midsommar (2019) , Horror
22,7,Midsommar (2019) , Mystery
23,7,Midsommar (2019) , Thriller
24,8,Ready or Not (2019) , Comedy
25,8,Ready or Not (2019) , Horror
26,8,Ready or Not (2019) , Mystery
27,8,Ready or Not (2019) , Thriller
28,9,Little Joe (2019) , Drama
29,9,Little Joe (2019) , Horror
30,9,Little Joe (2019) , Mystery
31,9,Little Joe (2019) , Sci-Fi
32,10,Dolemite Is My Name (2019) , Biography
33,10,Dolemite Is My Name (2019) , Comedy
34,10,Dolemite Is My Name (2019) , Drama
35,11,The Art of Racing in the Rain (2019) , Comedy
36,11,The Art of Racing in the Rain (2019) , Drama
37,11,The Art of Racing in the Rain (2019) , Romance
38,11,The Art of Racing in the Rain (2019) , Sport
39,12,Zombieland: Double Tap (2019) , Action
40,12,Zombieland: Double Tap (2019) , Comedy
41,12,Zombieland: Double Tap (2019) , Horror
42,13,The Perfection (2018) , Drama
43,13,The Perfection (2018) , Horror
44,13,The Perfection (2018) , Thriller
45,14,The Laundromat (2019) , Comedy
46,14,The Laundromat (2019) , Crime
47,14,The Laundromat (2019) , Drama
48,14,The Laundromat (2019) , History
49,15,John Wick: Chapter 3 - Parabellum (2019) , Action
50,15,John Wick: Chapter 3 - Parabellum (2019) , Crime
51,15,John Wick: Chapter 3 - Parabellum (2019) , Thriller
52,16,Us (2019) , Horror
53,16,Us (2019) , Mystery
54,16,Us (2019) , Thriller
55,17,Cold Pursuit (2019) , Action
56,17,Cold Pursuit (2019) , Adventure
57,17,Cold Pursuit (2019) , Comedy
58,17,Cold Pursuit (2019) , Crime
59,17,Cold Pursuit (2019) , Drama
60,17,Cold Pursuit (2019) , Thriller
61,18,Fast & Furious Presents: Hobbs & Shaw (2019) , Action
62,18,Fast & Furious Presents: Hobbs & Shaw (2019) , Adventure
63,19,It Chapter Two (2019) , Drama
64,19,It Chapter Two (2019) , Fantasy
65,19,It Chapter Two (2019) , Horror
66,20,Freaks (2018) , Drama
67,20,Freaks (2018) , Mystery
68,20,Freaks (2018) , Sci-Fi
69,20,Freaks (2018) , Thriller
70,21,The Irishman (2019) , Biography
71,21,The Irishman (2019) , Crime
72,21,The Irishman (2019) , Drama
73,22,Black and Blue (2019) , Action
74,22,Black and Blue (2019) , Crime
75,22,Black and Blue (2019) , Drama
76,22,Black and Blue (2019) , Thriller
77,23,Captive State (2019) , Action
78,23,Captive State (2019) , Adventure
79,23,Captive State (2019) , Drama
80,23,Captive State (2019) , Horror
81,23,Captive State (2019) , Mystery
82,23,Captive State (2019) , Sci-Fi
83,23,Captive State (2019) , Thriller
84,24,Once Upon a Time... in Hollywood (2019) , Comedy
85,24,Once Upon a Time... in Hollywood (2019) , Drama
86,25,A Beautiful Day in the Neighborhood (2019) , Biography
87,25,A Beautiful Day in the Neighborhood (2019) , Drama
88,26,Rocketman (2019) , Biography
89,26,Rocketman (2019) , Drama
90,26,Rocketman (2019) , Music
91,26,Rocketman (2019) , Musical
92,27,Jexi (2019) , Comedy
93,28,In the Shadow of the Moon (2019) , Crime
94,28,In the Shadow of the Moon (2019) , Mystery
95,28,In the Shadow of the Moon (2019) , Sci-Fi
96,28,In the Shadow of the Moon (2019) , Thriller
97,29,3 from Hell (2019) , Horror
98,30,Eli (2019) , Horror
99,31,Pokémon Detective Pikachu (2019) , Adventure
100,31,Pokémon Detective Pikachu (2019) , Comedy
101,31,Pokémon Detective Pikachu (2019) , Family
102,31,Pokémon Detective Pikachu (2019) , Mystery
103,31,Pokémon Detective Pikachu (2019) , Sci-Fi
104,32,Aniara (2018) , Drama
105,32,Aniara (2018) , Sci-Fi
106,33,Climax (2018) , Drama
107,33,Climax (2018) , Horror
108,33,Climax (2018) , Music
109,33,Climax (2018) , Thriller
110,34,Ad Astra (2019) , Adventure
111,34,Ad Astra (2019) , Drama
112,34,Ad Astra (2019) , Mystery
113,34,Ad Astra (2019) , Sci-Fi
114,34,Ad Astra (2019) , Thriller
115,35,Alita: Battle Angel (2019) , Action
116,35,Alita: Battle Angel (2019) , Adventure
117,35,Alita: Battle Angel (2019) , Sci-Fi
118,35,Alita: Battle Angel (2019) , Thriller
119,36,Avengers: Endgame (2019) , Action
120,36,Avengers: Endgame (2019) , Adventure
121,36,Avengers: Endgame (2019) , Drama
122,36,Avengers: Endgame (2019) , Sci-Fi
123,37,Under the Silver Lake (2018) , Crime
124,37,Under the Silver Lake (2018) , Drama
125,37,Under the Silver Lake (2018) , Mystery
126,37,Under the Silver Lake (2018) , Thriller
127,38,Knives Out (2019) , Comedy
128,38,Knives Out (2019) , Crime
129,38,Knives Out (2019) , Drama
130,38,Knives Out (2019) , Mystery
131,38,Knives Out (2019) , Thriller
132,39,Hustlers (2019) , Comedy
133,39,Hustlers (2019) , Crime
134,39,Hustlers (2019) , Drama
135,39,Hustlers (2019) , Thriller
136,40,Ford v Ferrari (2019) , Action
137,40,Ford v Ferrari (2019) , Biography
138,40,Ford v Ferrari (2019) , Drama
139,40,Ford v Ferrari (2019) , Sport
140,41,Crawl (2019) , Drama
141,41,Crawl (2019) , Horror
142,41,Crawl (2019) , Thriller
143,42,Doctor Sleep (2019) , Drama
144,42,Doctor Sleep (2019) , Fantasy
145,42,Doctor Sleep (2019) , Horror
146,42,Doctor Sleep (2019) , Thriller
147,43,Brightburn (2019) , Drama
148,43,Brightburn (2019) , Horror
149,43,Brightburn (2019) , Mystery
150,43,Brightburn (2019) , Sci-Fi
151,44,Long Shot (2019) , Comedy
152,44,Long Shot (2019) , Romance
153,45,47 Meters Down: Uncaged (2019) , Adventure
154,45,47 Meters Down: Uncaged (2019) , Drama
155,45,47 Meters Down: Uncaged (2019) , Horror
156,45,47 Meters Down: Uncaged (2019) , Thriller
157,46,Anna (2019) , Action
158,46,Anna (2019) , Thriller
159,47,Hellboy (2019) , Action
160,47,Hellboy (2019) , Adventure
161,47,Hellboy (2019) , Fantasy
162,47,Hellboy (2019) , Horror
163,47,Hellboy (2019) , Sci-Fi
164,48,Greta (2018) , Drama
165,48,Greta (2018) , Mystery
166,48,Greta (2018) , Thriller
167,49,The Beach Bum (2019) , Comedy
168,50,Countdown (2019) , Horror
169,50,Countdown (2019) , Thriller
170,51,Avengers: Infinity War (2018) , Action
171,51,Avengers: Infinity War (2018) , Adventure
172,51,Avengers: Infinity War (2018) , Sci-Fi
173,52,Black Panther (2018) , Action
174,52,Black Panther (2018) , Adventure
175,52,Black Panther (2018) , Sci-Fi
176,53,Roma (2018) , Drama
177,54,They Shall Not Grow Old (2018) , Documentary
178,54,They Shall Not Grow Old (2018) , History
179,54,They Shall Not Grow Old (2018) , War
180,55,Spider-Man: Into the Spider-Verse (2018) , Animation
181,55,Spider-Man: Into the Spider-Verse (2018) , Action
182,55,Spider-Man: Into the Spider-Verse (2018) , Adventure
183,55,Spider-Man: Into the Spider-Verse (2018) , Family
184,55,Spider-Man: Into the Spider-Verse (2018) , Sci-Fi
185,56,If Beale Street Could Talk (2018) , Drama
186,56,If Beale Street Could Talk (2018) , Romance
187,57,First Man (2018) , Biography
188,57,First Man (2018) , Drama
189,57,First Man (2018) , History
190,58,Deadpool 2 (2018) , Action
191,58,Deadpool 2 (2018) , Adventure
192,58,Deadpool 2 (2018) , Comedy
193,58,Deadpool 2 (2018) , Sci-Fi
194,59,Shoplifters (2018) , Crime
195,59,Shoplifters (2018) , Drama
196,60,Bohemian Rhapsody (2018) , Biography
197,60,Bohemian Rhapsody (2018) , Drama
198,60,Bohemian Rhapsody (2018) , Music
199,61,Vice (2018) , Biography
200,61,Vice (2018) , Comedy
201,61,Vice (2018) , Drama
202,62,Green Book (2018) , Biography
203,62,Green Book (2018) , Comedy
204,62,Green Book (2018) , Drama
205,62,Green Book (2018) , Music
206,63,Eighth Grade (2018) , Comedy
207,63,Eighth Grade (2018) , Drama
208,64,Minding the Gap (2018) , Documentary
209,65,Isle of Dogs (2018) , Animation
210,65,Isle of Dogs (2018) , Adventure
211,65,Isle of Dogs (2018) , Comedy
212,65,Isle of Dogs (2018) , Drama
213,65,Isle of Dogs (2018) , Fantasy
214,65,Isle of Dogs (2018) , Sci-Fi
215,66,Mission: Impossible - Fallout (2018) , Action
216,66,Mission: Impossible - Fallout (2018) , Adventure
217,66,Mission: Impossible - Fallout (2018) , Thriller
218,67,The Favourite (2018) , Biography
219,67,The Favourite (2018) , Comedy
220,67,The Favourite (2018) , Drama
221,67,The Favourite (2018) , History
222,68,The Tale (2018) , Drama
223,68,The Tale (2018) , Mystery
224,68,The Tale (2018) , Thriller
225,69,BlacKkKlansman (2018) , Biography
226,69,BlacKkKlansman (2018) , Crime
227,69,BlacKkKlansman (2018) , Drama
228,70,Ralph Breaks the Internet (2018) , Animation
229,70,Ralph Breaks the Internet (2018) , Adventure
230,70,Ralph Breaks the Internet (2018) , Comedy
231,70,Ralph Breaks the Internet (2018) , Family
232,70,Ralph Breaks the Internet (2018) , Fantasy
233,71,Cold War (2018) , Drama
234,71,Cold War (2018) , History
235,71,Cold War (2018) , Music
236,71,Cold War (2018) , Romance
237,72,The Death of Stalin (2017) , Comedy
238,72,The Death of Stalin (2017) , Drama
239,72,The Death of Stalin (2017) , History
240,73,Ready Player One (2018) , Action
241,73,Ready Player One (2018) , Adventure
242,73,Ready Player One (2018) , Sci-Fi
243,74,A Star Is Born (2018) , Drama
244,74,A Star Is Born (2018) , Music
245,74,A Star Is Born (2018) , Romance
246,75,Mirai (2018) , Animation
247,75,Mirai (2018) , Adventure
248,75,Mirai (2018) , Drama
249,75,Mirai (2018) , Family
250,75,Mirai (2018) , Fantasy
251,76,Sorry to Bother You (2018) , Comedy
252,76,Sorry to Bother You (2018) , Fantasy
253,76,Sorry to Bother You (2018) , Sci-Fi
254,77,Widows (2018) , Crime
255,77,Widows (2018) , Drama
256,77,Widows (2018) , Thriller
257,78,A Quiet Place (2018) , Drama
258,78,A Quiet Place (2018) , Horror
259,78,A Quiet Place (2018) , Sci-Fi
260,79,Burning (2018) , Drama
261,79,Burning (2018) , Mystery
262,80,Andhadhun (2018) , Crime
263,80,Andhadhun (2018) , Thriller
264,81,Shirkers (2018) , Documentary
265,82,On My Skin: The Last Seven Days of Stefano Cucchi (2018) , Biography
266,82,On My Skin: The Last Seven Days of Stefano Cucchi (2018) , Drama
267,83,Crime + Punishment (2018) , Documentary
268,84,RBG (2018) , Documentary
269,84,RBG (2018) , Biography
270,85,Western (2017) , Drama
271,86,The Ballad of Buster Scruggs (2018) , Comedy
272,86,The Ballad of Buster Scruggs (2018) , Drama
273,86,The Ballad of Buster Scruggs (2018) , Musical
274,86,The Ballad of Buster Scruggs (2018) , Mystery
275,86,The Ballad of Buster Scruggs (2018) , Romance
276,86,The Ballad of Buster Scruggs (2018) , Western
277,87,Creed II (2018) , Drama
278,87,Creed II (2018) , Sport
279,88,Crazy Rich Asians (2018) , Comedy
280,88,Crazy Rich Asians (2018) , Drama
281,88,Crazy Rich Asians (2018) , Romance
282,89,First Reformed (2017) , Drama
283,89,First Reformed (2017) , Mystery
284,89,First Reformed (2017) , Thriller
285,90,Can You Ever Forgive Me? (2018) , Biography
286,90,Can You Ever Forgive Me? (2018) , Comedy
287,90,Can You Ever Forgive Me? (2018) , Crime
288,90,Can You Ever Forgive Me? (2018) , Drama
289,91,The Rider (2017) , Drama
290,91,The Rider (2017) , Western
291,92,Aquaman (2018) , Action
292,92,Aquaman (2018) , Adventure
293,92,Aquaman (2018) , Fantasy
294,92,Aquaman (2018) , Sci-Fi
295,93,Upgrade (2018) , Action
296,93,Upgrade (2018) , Horror
297,93,Upgrade (2018) , Sci-Fi
298,93,Upgrade (2018) , Thriller
299,94,Incredibles 2 (2018) , Animation
300,94,Incredibles 2 (2018) , Action
301,94,Incredibles 2 (2018) , Adventure
302,94,Incredibles 2 (2018) , Comedy
303,94,Incredibles 2 (2018) , Family
304,94,Incredibles 2 (2018) , Sci-Fi
305,95,Happy as Lazzaro (2018) , Drama
306,95,Happy as Lazzaro (2018) , Fantasy
307,96,Sweet Country (2017) , Adventure
308,96,Sweet Country (2017) , Crime
309,96,Sweet Country (2017) , Drama
310,96,Sweet Country (2017) , History
311,96,Sweet Country (2017) , Thriller
312,96,Sweet Country (2017) , Western
313,97,Hereditary (2018) , Drama
314,97,Hereditary (2018) , Horror
315,97,Hereditary (2018) , Mystery
316,97,Hereditary (2018) , Thriller
317,98,Annihilation (2018) , Adventure
318,98,Annihilation (2018) , Drama
319,98,Annihilation (2018) , Horror
320,98,Annihilation (2018) , Mystery
321,98,Annihilation (2018) , Sci-Fi
322,98,Annihilation (2018) , Thriller
323,99,The Endless (2017) , Fantasy
324,99,The Endless (2017) , Horror
325,99,The Endless (2017) , Sci-Fi
326,99,The Endless (2017) , Thriller
327,100,Venom (2018) , Action
328,100,Venom (2018) , Sci-Fi
329,100,Venom (2018) , Thriller
330,101,"Three Billboards Outside Ebbing, Missouri (2017) ", Comedy
331,101,"Three Billboards Outside Ebbing, Missouri (2017) ", Crime
332,101,"Three Billboards Outside Ebbing, Missouri (2017) ", Drama
333,102,Get Out (2017) , Horror
334,102,Get Out (2017) , Mystery
335,102,Get Out (2017) , Thriller
336,103,The Florida Project (2017) , Drama
337,104,John Wick: Chapter 2 (2017) , Action
338,104,John Wick: Chapter 2 (2017) , Crime
339,104,John Wick: Chapter 2 (2017) , Thriller
340,105,Lady Bird (2017) , Comedy
341,105,Lady Bird (2017) , Drama
342,106,The Shape of Water (2017) , Adventure
343,106,The Shape of Water (2017) , Drama
344,106,The Shape of Water (2017) , Fantasy
345,106,The Shape of Water (2017) , Romance
346,106,The Shape of Water (2017) , Thriller
347,107,Mother! (2017) , Drama
348,107,Mother! (2017) , Horror
349,107,Mother! (2017) , Mystery
350,108,Good Time (2017) , Crime
351,108,Good Time (2017) , Drama
352,108,Good Time (2017) , Thriller
353,109,Split (2016) , Horror
354,109,Split (2016) , Thriller
355,110,Logan (2017) , Action
356,110,Logan (2017) , Drama
357,110,Logan (2017) , Sci-Fi
358,110,Logan (2017) , Thriller
359,111,Call Me by Your Name (2017) , Drama
360,111,Call Me by Your Name (2017) , Romance
361,112,Brawl in Cell Block 99 (2017) , Action
362,112,Brawl in Cell Block 99 (2017) , Crime
363,112,Brawl in Cell Block 99 (2017) , Drama
364,112,Brawl in Cell Block 99 (2017) , Thriller
365,113,Star Wars: Episode VIII - The Last Jedi (2017) , Action
366,113,Star Wars: Episode VIII - The Last Jedi (2017) , Adventure
367,113,Star Wars: Episode VIII - The Last Jedi (2017) , Fantasy
368,113,Star Wars: Episode VIII - The Last Jedi (2017) , Sci-Fi
369,114,The Disaster Artist (2017) , Biography
370,114,The Disaster Artist (2017) , Comedy
371,114,The Disaster Artist (2017) , Drama
372,115,Blade Runner 2049 (2017) , Action
373,115,Blade Runner 2049 (2017) , Drama
374,115,Blade Runner 2049 (2017) , Mystery
375,115,Blade Runner 2049 (2017) , Sci-Fi
376,115,Blade Runner 2049 (2017) , Thriller
377,116,War for the Planet of the Apes (2017) , Action
378,116,War for the Planet of the Apes (2017) , Adventure
379,116,War for the Planet of the Apes (2017) , Drama
380,116,War for the Planet of the Apes (2017) , Sci-Fi
381,116,War for the Planet of the Apes (2017) , Thriller
382,117,Thor: Ragnarok (2017) , Action
383,117,Thor: Ragnarok (2017) , Adventure
384,117,Thor: Ragnarok (2017) , Comedy
385,117,Thor: Ragnarok (2017) , Fantasy
386,117,Thor: Ragnarok (2017) , Sci-Fi
387,118,Baby Driver (2017) , Action
388,118,Baby Driver (2017) , Crime
389,118,Baby Driver (2017) , Drama
390,118,Baby Driver (2017) , Music
391,118,Baby Driver (2017) , Thriller
392,119,Logan Lucky (2017) , Comedy
393,119,Logan Lucky (2017) , Crime
394,119,Logan Lucky (2017) , Drama
395,120,Detroit (2017) , Crime
396,120,Detroit (2017) , Drama
397,120,Detroit (2017) , History
398,120,Detroit (2017) , Thriller
399,121,Ingrid Goes West (2017) , Comedy
400,121,Ingrid Goes West (2017) , Drama
401,122,American Made (2017) , Action
402,122,American Made (2017) , Biography
403,122,American Made (2017) , Comedy
404,122,American Made (2017) , Crime
405,122,American Made (2017) , Drama
406,123,Dunkirk (2017) , Action
407,123,Dunkirk (2017) , Drama
408,123,Dunkirk (2017) , History
409,123,Dunkirk (2017) , Thriller
410,123,Dunkirk (2017) , War
411,124,"I, Tonya (2017) ", Biography
412,124,"I, Tonya (2017) ", Comedy
413,124,"I, Tonya (2017) ", Drama
414,124,"I, Tonya (2017) ", Sport
415,125,Wind River (2017) , Crime
416,125,Wind River (2017) , Drama
417,125,Wind River (2017) , Mystery
418,125,Wind River (2017) , Thriller
419,126,Spider-Man: Homecoming (2017) , Action
420,126,Spider-Man: Homecoming (2017) , Adventure
421,126,Spider-Man: Homecoming (2017) , Sci-Fi
422,127,The Big Sick (2017) , Comedy
423,127,The Big Sick (2017) , Drama
424,127,The Big Sick (2017) , Romance
425,128,Jumanji: Welcome to the Jungle (2017) , Action
426,128,Jumanji: Welcome to the Jungle (2017) , Adventure
427,128,Jumanji: Welcome to the Jungle (2017) , Comedy
428,128,Jumanji: Welcome to the Jungle (2017) , Fantasy
429,129,Colossal (2016) , Comedy
430,129,Colossal (2016) , Drama
431,129,Colossal (2016) , Fantasy
432,129,Colossal (2016) , Sci-Fi
433,129,Colossal (2016) , Thriller
434,130,Wonder (2017) , Drama
435,130,Wonder (2017) , Family
436,131,The Killing of a Sacred Deer (2017) , Drama
437,131,The Killing of a Sacred Deer (2017) , Horror
438,131,The Killing of a Sacred Deer (2017) , Mystery
439,131,The Killing of a Sacred Deer (2017) , Thriller
440,132,The Meyerowitz Stories (2017) , Comedy
441,132,The Meyerowitz Stories (2017) , Drama
442,133,Battle of the Sexes (2017) , Biography
443,133,Battle of the Sexes (2017) , Comedy
444,133,Battle of the Sexes (2017) , Drama
445,133,Battle of the Sexes (2017) , Sport
446,134,War Machine (2017) , Comedy
447,134,War Machine (2017) , Drama
448,134,War Machine (2017) , War
449,135,The Beguiled (2017) , Drama
450,135,The Beguiled (2017) , Thriller
451,136,It (2017) , Horror
452,137,Brad's Status (2017) , Comedy
453,137,Brad's Status (2017) , Drama
454,137,Brad's Status (2017) , Music
455,138,Stronger (2017) , Biography
456,138,Stronger (2017) , Drama
457,139,Patti Cake$ (2017) , Drama
458,139,Patti Cake$ (2017) , Music
459,140,Guardians of the Galaxy Vol. 2 (2017) , Action
460,140,Guardians of the Galaxy Vol. 2 (2017) , Adventure
461,140,Guardians of the Galaxy Vol. 2 (2017) , Comedy
462,140,Guardians of the Galaxy Vol. 2 (2017) , Sci-Fi
463,141,The Lego Batman Movie (2017) , Animation
464,141,The Lego Batman Movie (2017) , Action
465,141,The Lego Batman Movie (2017) , Comedy
466,141,The Lego Batman Movie (2017) , Family
467,142,Atomic Blonde (2017) , Action
468,142,Atomic Blonde (2017) , Adventure
469,142,Atomic Blonde (2017) , Mystery
470,142,Atomic Blonde (2017) , Thriller
471,143,Wakefield (2016) , Drama
472,144,Beauty and the Beast (2017) , Family
473,144,Beauty and the Beast (2017) , Fantasy
474,144,Beauty and the Beast (2017) , Musical
475,144,Beauty and the Beast (2017) , Romance
476,145,Brigsby Bear (2017) , Comedy
477,145,Brigsby Bear (2017) , Drama
478,146,Kong: Skull Island (2017) , Action
479,146,Kong: Skull Island (2017) , Adventure
480,146,Kong: Skull Island (2017) , Fantasy
481,146,Kong: Skull Island (2017) , Sci-Fi
482,147,Alien: Covenant (2017) , Horror
483,147,Alien: Covenant (2017) , Sci-Fi
484,147,Alien: Covenant (2017) , Thriller
485,148,Goodbye Christopher Robin (2017) , Biography
486,148,Goodbye Christopher Robin (2017) , Drama
487,149,Victoria & Abdul (2017) , Biography
488,149,Victoria & Abdul (2017) , Drama
489,149,Victoria & Abdul (2017) , History
490,150,Suburbicon (2017) , Comedy
491,150,Suburbicon (2017) , Crime
492,150,Suburbicon (2017) , Drama
493,150,Suburbicon (2017) , Mystery
494,150,Suburbicon (2017) , Thriller
495,151,Captain Fantastic (2016) , Comedy
496,151,Captain Fantastic (2016) , Drama
497,152,La La Land (2016) , Comedy
498,152,La La Land (2016) , Drama
499,152,La La Land (2016) , Music
500,152,La La Land (2016) , Musical
501,152,La La Land (2016) , Romance
502,153,Hacksaw Ridge (2016) , Biography
503,153,Hacksaw Ridge (2016) , Drama
504,153,Hacksaw Ridge (2016) , History
505,153,Hacksaw Ridge (2016) , War
506,154,Lion (2016) , Biography
507,154,Lion (2016) , Drama
508,155,Hell or High Water (2016) , Action
509,155,Hell or High Water (2016) , Crime
510,155,Hell or High Water (2016) , Drama
511,155,Hell or High Water (2016) , Thriller
512,155,Hell or High Water (2016) , Western
513,156,The Witch (2015) , Drama
514,156,The Witch (2015) , Horror
515,156,The Witch (2015) , Mystery
516,157,The Jungle Book (2016) , Adventure
517,157,The Jungle Book (2016) , Drama
518,157,The Jungle Book (2016) , Family
519,157,The Jungle Book (2016) , Fantasy
520,158,Deadpool (2016) , Action
521,158,Deadpool (2016) , Adventure
522,158,Deadpool (2016) , Comedy
523,158,Deadpool (2016) , Sci-Fi
524,159,Moonlight (2016) , Drama
525,160,Other People (2016) , Comedy
526,160,Other People (2016) , Drama
527,161,Zootopia (2016) , Animation
528,161,Zootopia (2016) , Adventure
529,161,Zootopia (2016) , Comedy
530,161,Zootopia (2016) , Crime
531,161,Zootopia (2016) , Family
532,161,Zootopia (2016) , Mystery
533,162,Nocturnal Animals (2016) , Drama
534,162,Nocturnal Animals (2016) , Thriller
535,163,Train to Busan (2016) , Action
536,163,Train to Busan (2016) , Horror
537,163,Train to Busan (2016) , Thriller
538,164,Don't Breathe (2016) , Crime
539,164,Don't Breathe (2016) , Horror
540,164,Don't Breathe (2016) , Thriller
541,165,Sing Street (2016) , Comedy
542,165,Sing Street (2016) , Drama
543,165,Sing Street (2016) , Music
544,165,Sing Street (2016) , Romance
545,166,Doctor Strange (2016) , Action
546,166,Doctor Strange (2016) , Adventure
547,166,Doctor Strange (2016) , Fantasy
548,166,Doctor Strange (2016) , Sci-Fi
549,167,The Conjuring 2 (2016) , Horror
550,167,The Conjuring 2 (2016) , Mystery
551,167,The Conjuring 2 (2016) , Thriller
552,168,The Distinguished Citizen (2016) , Comedy
553,168,The Distinguished Citizen (2016) , Drama
554,169,Your Name. (2016) , Animation
555,169,Your Name. (2016) , Drama
556,169,Your Name. (2016) , Fantasy
557,169,Your Name. (2016) , Romance
558,170,Miss Peregrine's Home for Peculiar Children (2016) , Adventure
559,170,Miss Peregrine's Home for Peculiar Children (2016) , Drama
560,170,Miss Peregrine's Home for Peculiar Children (2016) , Family
561,170,Miss Peregrine's Home for Peculiar Children (2016) , Fantasy
562,170,Miss Peregrine's Home for Peculiar Children (2016) , Thriller
563,171,Eddie the Eagle (2015) , Biography
564,171,Eddie the Eagle (2015) , Comedy
565,171,Eddie the Eagle (2015) , Drama
566,171,Eddie the Eagle (2015) , Family
567,171,Eddie the Eagle (2015) , Sport
568,172,Elle (2016) , Crime
569,172,Elle (2016) , Drama
570,172,Elle (2016) , Thriller
571,173,Julieta (2016) , Drama
572,173,Julieta (2016) , Mystery
573,173,Julieta (2016) , Romance
574,174,Manchester by the Sea (2016) , Drama
575,175,10 Cloverfield Lane (2016) , Drama
576,175,10 Cloverfield Lane (2016) , Horror
577,175,10 Cloverfield Lane (2016) , Mystery
578,175,10 Cloverfield Lane (2016) , Sci-Fi
579,175,10 Cloverfield Lane (2016) , Thriller
580,176,Hidden Figures (2016) , Biography
581,176,Hidden Figures (2016) , Drama
582,176,Hidden Figures (2016) , History
583,177,Florence Foster Jenkins (2016) , Biography
584,177,Florence Foster Jenkins (2016) , Comedy
585,177,Florence Foster Jenkins (2016) , Drama
586,177,Florence Foster Jenkins (2016) , Music
587,178,The Invisible Guest (2016) , Crime
588,178,The Invisible Guest (2016) , Mystery
589,178,The Invisible Guest (2016) , Thriller
590,179,Deepwater Horizon (2016) , Action
591,179,Deepwater Horizon (2016) , Drama
592,179,Deepwater Horizon (2016) , History
593,179,Deepwater Horizon (2016) , Thriller
594,180,The Edge of Seventeen (2016) , Comedy
595,180,The Edge of Seventeen (2016) , Drama
596,181,The Magnificent Seven (2016) , Action
597,181,The Magnificent Seven (2016) , Adventure
598,181,The Magnificent Seven (2016) , Western
599,182,The Shallows (2016) , Drama
600,182,The Shallows (2016) , Horror
601,182,The Shallows (2016) , Thriller
602,183,X-Men: Apocalypse (2016) , Action
603,183,X-Men: Apocalypse (2016) , Adventure
604,183,X-Men: Apocalypse (2016) , Sci-Fi
605,184,Hush (2016) , Horror
606,184,Hush (2016) , Thriller
607,185,Captain America: Civil War (2016) , Action
608,185,Captain America: Civil War (2016) , Adventure
609,185,Captain America: Civil War (2016) , Sci-Fi
610,186,¿Qué culpa tiene el niño? (2016) , Comedy
611,186,¿Qué culpa tiene el niño? (2016) , Romance
612,187,War Dogs (2016) , Biography
613,187,War Dogs (2016) , Comedy
614,187,War Dogs (2016) , Crime
615,187,War Dogs (2016) , Drama
616,187,War Dogs (2016) , War
617,188,A Monster Calls (2016) , Adventure
618,188,A Monster Calls (2016) , Drama
619,188,A Monster Calls (2016) , Family
620,188,A Monster Calls (2016) , Fantasy
621,189,"I, Daniel Blake (2016) ", Drama
622,190,Lights Out (2016) , Drama
623,190,Lights Out (2016) , Horror
624,190,Lights Out (2016) , Mystery
625,190,Lights Out (2016) , Thriller
626,191,The Innocents (2016) , Drama
627,191,The Innocents (2016) , History
628,192,Rogue One: A Star Wars Story (2016) , Action
629,192,Rogue One: A Star Wars Story (2016) , Adventure
630,192,Rogue One: A Star Wars Story (2016) , Sci-Fi
631,193,13 Hours (2016) , Action
632,193,13 Hours (2016) , Drama
633,193,13 Hours (2016) , History
634,193,13 Hours (2016) , Thriller
635,193,13 Hours (2016) , War
636,194,Fantastic Beasts and Where to Find Them (2016) , Adventure
637,194,Fantastic Beasts and Where to Find Them (2016) , Family
638,194,Fantastic Beasts and Where to Find Them (2016) , Fantasy
639,195,The Boy (2016) , Horror
640,195,The Boy (2016) , Mystery
641,195,The Boy (2016) , Thriller
642,196,The Nice Guys (2016) , Action
643,196,The Nice Guys (2016) , Comedy
644,196,The Nice Guys (2016) , Crime
645,196,The Nice Guys (2016) , Mystery
646,196,The Nice Guys (2016) , Thriller
647,197,Kubo and the Two Strings (2016) , Animation
648,197,Kubo and the Two Strings (2016) , Action
649,197,Kubo and the Two Strings (2016) , Adventure
650,197,Kubo and the Two Strings (2016) , Family
651,197,Kubo and the Two Strings (2016) , Fantasy
652,198,Little Men (2016) , Drama
653,199,American Honey (2016) , Adventure
654,199,American Honey (2016) , Drama
655,199,American Honey (2016) , Romance
656,200,The Founder (2016) , Biography
657,200,The Founder (2016) , Drama
658,200,The Founder (2016) , History
659,201,Brooklyn (2015) , Drama
660,201,Brooklyn (2015) , Romance
661,202,The Big Short (2015) , Biography
662,202,The Big Short (2015) , Comedy
663,202,The Big Short (2015) , Drama
664,202,The Big Short (2015) , History
665,203,Mad Max: Fury Road (2015) , Action
666,203,Mad Max: Fury Road (2015) , Adventure
667,203,Mad Max: Fury Road (2015) , Sci-Fi
668,203,Mad Max: Fury Road (2015) , Thriller
669,204,Sicario (2015) , Action
670,204,Sicario (2015) , Crime
671,204,Sicario (2015) , Drama
672,204,Sicario (2015) , Mystery
673,204,Sicario (2015) , Thriller
674,205,When Marnie Was There (2014) , Animation
675,205,When Marnie Was There (2014) , Drama
676,205,When Marnie Was There (2014) , Family
677,205,When Marnie Was There (2014) , Mystery
678,206,The Martian (2015) , Adventure
679,206,The Martian (2015) , Drama
680,206,The Martian (2015) , Sci-Fi
681,207,The Revenant (2015) , Action
682,207,The Revenant (2015) , Adventure
683,207,The Revenant (2015) , Biography
684,207,The Revenant (2015) , Drama
685,207,The Revenant (2015) , History
686,207,The Revenant (2015) , Western
687,208,Anomalisa (2015) , Animation
688,208,Anomalisa (2015) , Comedy
689,208,Anomalisa (2015) , Drama
690,208,Anomalisa (2015) , Romance
691,209,Spotlight (2015) , Biography
692,209,Spotlight (2015) , Crime
693,209,Spotlight (2015) , Drama
694,210,Room (2015) , Drama
695,210,Room (2015) , Thriller
696,211,Inside Out (2015) , Animation
697,211,Inside Out (2015) , Adventure
698,211,Inside Out (2015) , Comedy
699,211,Inside Out (2015) , Drama
700,211,Inside Out (2015) , Family
701,211,Inside Out (2015) , Fantasy
702,212,Cartel Land (2015) , Documentary
703,212,Cartel Land (2015) , News
704,213,Mission: Impossible - Rogue Nation (2015) , Action
705,213,Mission: Impossible - Rogue Nation (2015) , Adventure
706,213,Mission: Impossible - Rogue Nation (2015) , Thriller
707,214,Creed (2015) , Drama
708,214,Creed (2015) , Sport
709,215,Beasts of No Nation (2015) , Drama
710,215,Beasts of No Nation (2015) , War
711,216,The Hateful Eight (2015) , Crime
712,216,The Hateful Eight (2015) , Drama
713,216,The Hateful Eight (2015) , Mystery
714,216,The Hateful Eight (2015) , Thriller
715,216,The Hateful Eight (2015) , Western
716,217,Mustang (2015) , Drama
717,218,The Falling (2014) , Drama
718,218,The Falling (2014) , Mystery
719,218,The Falling (2014) , Thriller
720,219,The Final Girls (2015) , Comedy
721,219,The Final Girls (2015) , Drama
722,219,The Final Girls (2015) , Fantasy
723,219,The Final Girls (2015) , Horror
724,219,The Final Girls (2015) , Thriller
725,220,Mississippi Grind (2015) , Comedy
726,220,Mississippi Grind (2015) , Drama
727,221,Steve Jobs (2015) , Biography
728,221,Steve Jobs (2015) , Drama
729,222,Carol (2015) , Drama
730,222,Carol (2015) , Romance
731,223,99 Homes (2014) , Drama
732,224,Man Up (2015) , Comedy
733,224,Man Up (2015) , Drama
734,224,Man Up (2015) , Romance
735,225,Victoria (2015) , Crime
736,225,Victoria (2015) , Drama
737,225,Victoria (2015) , Romance
738,225,Victoria (2015) , Thriller
739,226,Southpaw (2015) , Drama
740,226,Southpaw (2015) , Sport
741,227,Kingsman: The Secret Service (2014) , Action
742,227,Kingsman: The Secret Service (2014) , Adventure
743,227,Kingsman: The Secret Service (2014) , Comedy
744,227,Kingsman: The Secret Service (2014) , Thriller
745,228,Straight Outta Compton (2015) , Biography
746,228,Straight Outta Compton (2015) , Drama
747,228,Straight Outta Compton (2015) , History
748,228,Straight Outta Compton (2015) , Music
749,229,The Stanford Prison Experiment (2015) , Biography
750,229,The Stanford Prison Experiment (2015) , Drama
751,229,The Stanford Prison Experiment (2015) , History
752,229,The Stanford Prison Experiment (2015) , Thriller
753,230,Mistress America (2015) , Comedy
754,230,Mistress America (2015) , Drama
755,231,Goodnight Mommy (2014) , Horror
756,231,Goodnight Mommy (2014) , Mystery
757,231,Goodnight Mommy (2014) , Thriller
758,232,Sleeping with Other People (2015) , Comedy
759,232,Sleeping with Other People (2015) , Drama
760,232,Sleeping with Other People (2015) , Romance
761,233,The Assassin (2015) , Action
762,233,The Assassin (2015) , Drama
763,233,The Assassin (2015) , History
764,234,Star Wars: Episode VII - The Force Awakens (2015) , Action
765,234,Star Wars: Episode VII - The Force Awakens (2015) , Adventure
766,234,Star Wars: Episode VII - The Force Awakens (2015) , Sci-Fi
767,235,Ex Machina (2014) , Drama
768,235,Ex Machina (2014) , Mystery
769,235,Ex Machina (2014) , Sci-Fi
770,235,Ex Machina (2014) , Thriller
771,236,De Palma (2015) , Documentary
772,236,De Palma (2015) , Biography
773,237,Avengers: Age of Ultron (2015) , Action
774,237,Avengers: Age of Ultron (2015) , Adventure
775,237,Avengers: Age of Ultron (2015) , Sci-Fi
776,238,Shaun the Sheep Movie (2015) , Animation
777,238,Shaun the Sheep Movie (2015) , Adventure
778,238,Shaun the Sheep Movie (2015) , Comedy
779,238,Shaun the Sheep Movie (2015) , Family
780,238,Shaun the Sheep Movie (2015) , Fantasy
781,239,Cop Car (2015) , Crime
782,239,Cop Car (2015) , Thriller
783,240,Black Mass (2015) , Biography
784,240,Black Mass (2015) , Crime
785,240,Black Mass (2015) , Drama
786,241,Tangerine (2015) , Comedy
787,241,Tangerine (2015) , Crime
788,241,Tangerine (2015) , Drama
789,242,Clouds of Sils Maria (2014) , Drama
790,243,Grandma (2015) , Comedy
791,243,Grandma (2015) , Drama
792,244,Cinderella (2015) , Drama
793,244,Cinderella (2015) , Family
794,244,Cinderella (2015) , Fantasy
795,244,Cinderella (2015) , Romance
796,245,The Lobster (2015) , Comedy
797,245,The Lobster (2015) , Drama
798,245,The Lobster (2015) , Romance
799,245,The Lobster (2015) , Sci-Fi
800,245,The Lobster (2015) , Thriller
801,246,What We Do in the Shadows (2014) , Comedy
802,246,What We Do in the Shadows (2014) , Horror
803,247,Paddington (2014) , Adventure
804,247,Paddington (2014) , Comedy
805,247,Paddington (2014) , Family
806,247,Paddington (2014) , Fantasy
807,248,Bone Tomahawk (2015) , Drama
808,248,Bone Tomahawk (2015) , Horror
809,248,Bone Tomahawk (2015) , Western
810,249,The Man from U.N.C.L.E. (2015) , Action
811,249,The Man from U.N.C.L.E. (2015) , Adventure
812,249,The Man from U.N.C.L.E. (2015) , Comedy
813,250,Take Me to the River (2015) , Drama
814,251,The Duff (2015) , Comedy
815,251,The Duff (2015) , Romance
